,,,,
사건,신고,출동,구조,복귀
1,0:03,0:00,0:00,0:00
2,0:01,0:04,0:35,0:05
3,0:01,0:06,0:08,0:09
4,0:02,0:06,0:13,0:06
5,0:02,0:01,0:17,0:02
6,0:01,0:09,0:08,0:12
7,0:01,0:09,0:28,0:13
8,0:01,0:09,0:08,0:10
9,0:01,0:09,0:06,0:17
10,0:01,0:05,0:11,0:15
11,0:01,0:05,0:11,0:08
12,0:01,0:04,0:52,5:17
13,0:04,0:13,0:03,0:10
14,0:01,0:03,0:07,0:17
15,0:01,0:05,0:05,0:12
16,0:01,0:01,0:09,0:12
17,0:01,0:06,0:03,0:17
18,0:01,0:06,0:03,0:22
19,0:01,0:04,0:05,0:07
20,0:01,0:11,0:06,0:05
21,0:00,0:08,0:01,0:14
22,0:01,0:09,0:12,0:15
23,0:01,0:04,0:02,0:14
24,0:01,0:04,0:02,0:09
25,0:00,0:04,0:00,0:03
26,0:00,0:01,0:03,0:09
27,0:01,0:03,0:22,0:05
28,0:01,0:03,0:17,0:15
29,0:02,0:06,0:05,0:15
30,0:02,0:05,0:03,0:07
31,0:02,0:05,0:03,0:07
33,0:02,0:02,0:05,0:14
34,0:02,0:02,0:05,0:10
35,0:02,0:02,0:05,0:17
36,0:01,0:12,0:02,0:17
37,0:01,0:02,0:12,0:07
38,0:01,0:03,0:01,0:07
39,0:00,0:05,0:03,0:12
40,0:00,0:02,0:02,0:06
41,0:01,0:05,0:00,0:03
42,0:01,0:05,0:00,0:08
43,0:01,0:03,0:00,0:05
44,0:00,0:05,0:07,0:08
45,0:01,0:05,0:02,0:17
46,0:01,0:01,0:08,0:05
47,0:01,0:01,0:04,0:10
48,0:01,0:03,0:03,0:21
49,0:03,0:00,0:00,0:02
50,0:03,0:06,0:15,0:08
51,0:01,0:04,0:43,0:10
52,0:01,0:05,0:47,0:20
53,0:01,0:04,0:48,0:25
54,0:02,0:12,0:12,0:10
55,0:02,0:12,0:04,0:08
56,0:02,0:06,0:05,0:10
57,0:02,0:05,0:09,0:10
58,0:01,0:05,0:08,0:05
59,0:05,0:07,0:09,0:05
60,0:05,0:08,1:02,0:10
61,0:01,0:12,0:04,0:04
62,0:02,0:05,0:10,0:08
63,0:07,0:04,0:33,0:01
64,0:04,0:01,0:00,0:23
65,0:01,0:02,0:02,0:06
66,0:01,0:04,0:21,0:08
67,0:02,0:03,0:02,0:04
68,0:02,0:03,0:00,0:06
69,0:02,0:05,0:02,0:20
70,0:02,0:05,0:03,0:06
71,0:01,0:05,0:04,0:21
72,0:00,0:07,0:05,0:11
73,0:00,0:07,0:15,0:05
74,0:00,0:00,0:05,0:12
75,0:02,0:02,0:07,0:05
76,0:01,0:05,0:04,0:06
77,0:02,0:04,0:02,0:18
78,0:14,0:04,0:16,0:05
79,0:16,0:04,0:14,0:05
80,0:02,0:04,0:04,0:09
81,0:02,0:07,0:03,0:03
82,0:02,0:05,0:07,0:13
83,0:02,0:07,0:05,0:11
84,0:02,0:03,0:08,0:08
85,0:01,0:06,0:11,0:15
86,0:01,0:06,0:02,0:19
87,0:01,0:06,0:06,0:05
88,0:03,0:18,0:19,0:10
89,0:03,0:04,0:16,0:12
91,0:01,0:04,0:09,0:05
92,0:01,0:04,0:09,0:10
93,0:01,0:05,0:08,0:11
94,0:01,0:06,0:00,0:19
95,0:01,0:05,0:05,0:08
96,0:02,0:01,0:04,0:02
97,0:02,0:05,0:13,0:05
98,0:04,0:09,0:03,0:23
99,0:04,0:09,0:14,0:05
100,0:01,0:09,0:09,0:48
101,0:01,0:05,0:11,0:17
102,0:01,0:05,0:02,0:06
103,0:02,0:07,0:11,0:09
104,0:01,0:08,0:26,0:10
105,0:01,0:04,0:13,0:09
106,0:02,0:07,1:09,0:00
107,0:01,0:06,0:00,0:10
108,0:01,0:05,0:21,0:08
109,0:01,0:05,0:01,0:08
110,0:01,0:05,0:03,0:14
111,0:01,0:05,0:11,0:01
112,0:01,0:05,0:00,0:05
113,0:02,0:04,0:14,0:05
114,0:02,0:06,0:01,0:04
115,0:01,0:09,0:00,0:10
116,0:01,0:04,0:05,0:20
117,0:01,0:06,0:01,0:07
118,0:01,0:12,0:00,0:16
119,0:01,0:05,0:07,8:10
120,0:01,0:07,0:05,0:16
121,0:00,0:04,0:20,0:05
122,0:04,0:03,0:14,0:14
123,0:01,0:05,0:07,0:12
124,0:01,0:04,0:03,0:22
126,0:03,0:05,0:00,0:15
127,0:03,0:05,0:12,0:05
128,0:02,0:08,0:34,0:04
129,0:02,0:05,0:00,0:14
130,0:02,0:02,0:02,0:10
131,0:02,0:09,0:20,0:10
132,0:02,0:04,0:10,0:05
133,0:04,0:05,0:12,0:07
134,0:04,0:05,0:10,0:09
136,0:01,0:03,0:00,0:32
137,0:01,0:01,0:14,0:03
138,0:01,0:05,0:05,0:08
139,0:01,0:05,0:10,0:08
140,0:00,0:11,1:56,0:00
141,0:00,0:11,1:56,0:00
142,0:01,0:04,0:11,0:09
143,0:04,0:05,0:02,0:08
144,0:00,0:05,0:04,0:12
145,0:03,0:06,0:11,0:15
146,0:01,0:07,0:07,0:06
148,0:03,0:07,0:00,0:14
149,0:03,0:05,0:08,0:08
150,0:02,0:02,0:09,0:05
151,0:03,0:03,0:07,0:08
152,0:03,0:03,0:07,0:05
153,0:02,0:04,0:04,0:15
154,0:03,0:04,0:00,0:06
155,0:01,0:06,0:03,0:09
157,0:01,0:03,0:08,0:05
158,0:03,0:09,0:11,0:07
159,0:00,0:05,0:01,0:04
160,0:00,0:04,0:00,0:09
161,0:00,0:08,0:05,0:10
162,0:00,0:04,0:04,0:05
163,0:01,0:10,0:12,0:05
164,0:02,0:05,0:05,0:15
165,0:02,0:03,0:02,0:10
166,0:11,0:12,0:07,0:10
167,0:00,0:04,0:00,0:06
168,0:01,0:05,0:02,0:06
169,0:01,0:05,0:02,0:19
170,0:01,0:04,0:01,0:06
171,0:03,0:03,0:01,0:17
172,0:02,0:03,0:00,0:09
173,0:01,0:05,0:01,0:09
174,0:01,0:04,0:02,0:05
175,0:02,0:06,0:08,0:06
176,0:00,0:04,0:33,0:05
177,0:03,0:11,0:00,0:10
178,0:01,0:04,0:14,0:10
179,0:03,0:05,0:08,0:08
180,0:02,0:01,0:30,0:05
181,0:02,0:05,0:14,0:05
182,0:02,0:04,0:05,0:10
183,0:01,0:04,0:03,0:06
184,0:01,0:04,0:08,0:25
185,0:01,0:05,0:05,0:10
186,0:01,0:01,0:04,0:05
187,0:03,0:06,0:50,0:00
188,0:02,0:08,0:45,0:15
189,0:00,0:01,0:06,0:10
190,0:02,0:06,0:20,0:05
191,0:05,0:06,0:08,0:15
192,0:02,0:05,0:11,0:07
193,0:02,0:05,0:11,0:17
194,0:02,0:03,0:03,0:17
195,0:02,0:07,0:32,0:06
196,0:01,0:08,0:35,0:10
198,0:02,0:03,0:30,0:05
199,0:02,0:04,0:03,0:15
200,0:02,0:04,0:10,0:08
201,0:02,0:06,0:02,0:13
202,0:02,0:05,0:03,0:12
203,0:02,0:00,0:54,0:05
204,0:00,0:05,0:06,0:06
205,0:00,0:05,0:03,0:04
206,0:00,0:05,0:01,0:11
207,0:02,0:00,0:22,0:10
208,0:02,0:06,0:05,0:25
209,0:02,0:04,0:00,0:25
210,0:01,0:09,0:17,0:05
211,0:00,0:07,0:06,0:10
212,0:02,0:05,0:04,0:14
214,0:01,0:05,0:06,0:09
215,0:02,0:05,0:01,0:25
216,0:02,0:04,0:07,0:05
217,0:02,0:04,0:02,0:10
218,0:02,0:06,0:00,0:10
219,0:02,0:02,0:04,0:10
220,0:03,0:05,0:02,0:18
221,0:03,0:05,0:02,0:06
222,0:03,0:03,0:04,0:13
223,0:02,0:03,0:04,0:07
224,0:02,0:04,0:03,0:09
225,0:02,0:11,2:37,0:15
226,0:00,0:08,0:00,0:18
227,0:01,0:04,0:33,0:05
228,0:01,0:07,1:01,0:18
229,0:01,0:17,0:20,0:05
230,0:03,0:05,0:02,0:43
231,0:01,0:05,0:01,0:46
232,0:01,0:04,0:02,0:16
233,0:03,0:07,0:18,0:04
234,0:01,0:03,0:04,0:03
235,0:01,0:04,0:22,0:10
236,0:00,0:04,0:13,0:15
237,0:00,0:07,0:10,0:25
238,0:02,0:05,0:05,0:02
239,0:01,0:01,0:00,0:01
240,0:03,0:04,0:01,0:00
241,0:01,0:01,0:02,0:10
242,0:01,0:05,0:01,0:13
243,0:01,0:05,0:04,0:05
244,0:02,0:05,0:11,0:12
245,0:03,0:05,0:02,0:24
246,0:03,0:05,0:02,0:09
247,0:00,0:02,0:00,0:17
248,0:00,0:07,23:58,0:25
249,0:01,0:05,0:08,0:05
250,0:01,0:05,0:03,0:05
251,0:01,0:03,0:05,0:15
252,0:02,0:03,0:20,0:01
253,0:02,0:07,0:03,0:08
254,0:02,0:03,0:18,0:10
255,0:02,0:03,0:23,0:05
257,0:01,0:06,0:08,0:35
258,0:01,0:06,0:11,0:07
259,0:03,0:14,0:08,0:06
260,0:03,0:00,0:16,0:10
261,0:03,0:05,0:12,0:09
262,0:01,0:06,0:09,0:06
263,0:01,0:07,0:08,0:35
264,0:01,0:04,0:10,0:11
265,0:03,0:08,0:23,0:07
266,0:01,0:03,0:02,0:20
267,0:06,0:03,0:05,0:05
268,0:01,0:06,0:04,0:05
269,0:03,0:05,0:04,0:10
270,0:03,0:04,0:05,0:07
271,0:01,0:03,0:02,0:10
272,0:01,0:05,0:03,0:03
274,0:01,0:03,0:07,0:20
275,0:03,0:06,0:21,0:10
276,0:05,0:02,0:12,0:04
277,0:01,0:02,0:15,0:05
278,0:00,0:06,0:53,0:10
279,0:01,0:05,0:04,0:05
281,0:01,0:00,0:03,0:12
282,0:01,0:04,0:01,0:17
283,0:01,0:02,0:02,0:13
284,0:01,0:02,0:02,0:08
285,0:01,0:01,0:00,0:01
286,0:01,0:04,0:03,0:13
287,0:01,0:02,0:05,0:08
288,0:02,0:03,0:25,0:03
289,0:01,0:02,0:03,0:18
290,0:01,0:04,0:15,0:05
291,0:01,0:06,0:15,0:08
292,0:06,0:04,0:02,0:08
293,0:10,0:01,0:07,0:07
294,0:02,0:06,0:01,0:09
295,0:01,0:02,0:05,0:15
296,0:03,0:07,0:12,0:11
297,0:02,0:05,0:33,0:05
298,0:01,0:07,0:17,0:10
299,0:01,0:04,0:09,0:04
300,0:01,0:07,0:00,0:10
301,0:01,0:02,0:09,0:05
302,0:01,0:06,0:00,0:15
303,0:01,0:05,0:23,0:00
304,0:01,0:05,0:04,0:04
305,0:01,0:05,0:01,0:30
306,0:02,0:05,0:14,0:05
307,0:02,0:06,0:28,0:23
308,0:02,0:05,0:07,0:10
309,0:01,0:05,0:11,0:00
310,0:01,0:02,0:15,0:05
311,0:01,0:07,0:10,0:07
312,0:01,0:07,0:00,0:30
313,0:01,0:05,0:30,0:05
315,0:03,0:02,0:04,0:16
316,0:03,0:04,0:07,0:05
317,0:03,0:02,0:04,0:00
318,0:01,0:10,0:01,0:19
319,0:01,0:02,0:34,0:05
320,0:01,0:21,0:30,0:15
321,0:02,0:07,0:02,0:59
322,0:02,0:07,0:09,0:05
323,0:02,0:01,0:02,0:23
324,0:01,0:04,0:01,0:02
325,0:01,0:04,0:00,0:05
326,0:01,0:02,0:03,0:27
327,0:01,0:06,0:14,0:10
328,0:01,0:06,0:02,0:12
329,0:01,0:04,0:10,0:05
330,0:01,0:04,0:17,0:08
331,0:01,0:04,0:01,0:09
332,0:01,0:03,0:02,0:05
333,0:01,0:01,0:02,0:07
334,0:01,0:05,0:31,0:02
336,0:00,0:03,0:02,0:13
337,0:02,0:11,0:00,0:06
338,0:02,0:11,0:09,0:03
339,0:02,0:11,0:01,0:03
340,0:02,0:09,0:17,0:10
341,0:04,0:05,0:04,0:04
342,0:09,0:05,0:13,0:07
343,0:09,0:14,0:02,0:14
344,0:09,0:14,0:00,0:16
345,0:09,0:14,0:00,0:16
346,0:03,0:05,0:07,0:14
347,0:02,0:12,0:22,0:40
348,0:02,0:06,0:18,0:10
349,0:01,0:19,0:04,0:02
350,0:01,0:00,0:32,0:00
351,0:01,0:06,0:29,0:10
352,0:01,0:06,0:25,0:14
353,0:01,0:03,1:02,0:00
354,0:03,0:04,0:04,0:35
355,0:03,0:04,0:04,0:10
356,0:01,0:05,0:15,1:30
357,0:03,0:03,1:09,0:14
358,0:01,0:05,0:07,0:31
359,0:00,0:07,0:07,0:06
361,0:01,0:04,0:02,0:11
362,0:02,0:05,0:02,0:09
363,0:01,0:04,0:01,0:12
364,0:01,0:02,0:02,0:08
365,0:01,0:02,0:02,0:08
366,0:19,0:01,0:23,0:10
367,0:02,0:07,0:40,0:10
368,0:01,0:05,0:00,0:06
369,0:01,0:02,0:04,0:05
370,0:00,0:10,0:03,0:25
371,0:01,0:05,0:00,0:04
372,0:01,0:02,0:03,0:09
373,0:00,0:10,0:16,0:10
374,0:00,0:08,0:23,0:00
375,0:01,0:00,0:38,0:00
376,0:01,0:06,0:08,0:04
377,0:02,0:04,0:11,0:11
378,0:01,0:04,0:02,0:18
379,0:01,0:05,0:01,0:08
380,0:01,0:04,0:01,0:06
381,0:01,0:02,0:02,0:10
382,0:02,0:05,0:08,0:06
383,0:02,0:08,0:05,0:05
384,0:02,0:29,0:00,0:00
385,0:00,0:07,0:21,0:08
386,0:03,0:00,0:50,0:04
387,0:00,0:09,0:17,0:15
388,0:01,0:03,0:00,2:08
389,0:02,0:10,0:13,0:07
390,0:02,0:04,0:19,0:48
391,0:01,0:06,0:01,0:10
392,0:01,0:02,0:00,0:24
393,0:01,0:09,0:07,0:13
394,0:01,0:04,0:00,0:04
395,0:02,0:05,0:02,0:15
397,0:03,0:01,0:03,0:05
398,0:01,0:06,0:00,0:10
399,0:01,0:03,0:03,0:10
400,0:02,0:04,0:00,0:29
401,0:02,0:04,0:00,0:04
402,0:00,0:02,1:30,0:00
403,0:02,0:04,0:04,0:08
404,0:00,0:02,0:03,0:08
405,0:11,0:04,0:05,0:11
406,0:11,0:05,0:04,0:11
407,0:11,0:02,0:03,0:10
408,0:01,0:05,0:22,0:10
409,0:01,0:02,0:02,0:03
410,0:01,0:00,0:30,0:00
411,0:01,0:03,0:00,0:08
412,0:01,0:07,0:04,0:02
413,0:02,0:00,0:31,0:00
414,0:01,0:02,0:02,0:06
415,0:01,0:02,0:03,0:05
416,0:00,0:05,0:02,0:09
417,0:02,0:11,0:03,0:12
418,0:01,0:00,0:00,1:04
419,0:02,0:00,0:00,1:09
420,0:01,0:03,0:00,0:13
421,0:01,0:03,0:03,0:10
422,0:01,0:05,0:05,0:05
423,0:02,0:05,0:05,0:08
424,0:01,0:02,0:01,0:16
425,0:02,0:24,0:30,0:02
426,0:01,0:09,0:35,0:10
427,0:02,0:07,0:00,0:00
428,0:01,0:02,0:07,0:05
429,0:02,0:05,0:05,0:05
430,0:02,0:05,0:00,0:10
431,0:01,0:02,0:02,0:07
432,0:02,0:08,0:14,0:05
433,0:02,0:08,0:10,0:24
434,0:01,0:03,0:05,0:15
435,0:02,0:05,0:20,0:01
436,0:02,0:03,0:14,0:13
437,0:01,0:05,0:06,0:11
438,0:01,0:03,0:01,0:13
439,0:01,0:06,0:02,0:07
440,0:01,0:06,0:02,0:07
441,0:01,0:00,0:30,0:00
442,0:02,0:02,0:07,0:07
443,0:02,0:06,0:02,0:19
444,0:02,0:02,0:02,0:15
445,0:01,0:00,0:37,0:00
446,0:01,0:05,0:15,0:05
447,0:01,0:03,0:02,0:05
449,0:01,0:00,0:53,0:00
450,0:01,0:08,0:00,0:07
451,0:01,0:12,0:00,0:25
452,0:01,0:08,0:40,0:05
453,0:01,0:03,0:58,0:10
454,0:01,0:04,0:15,0:10
455,0:01,0:04,0:02,0:08
456,0:02,0:06,0:02,0:08
457,0:01,0:02,0:00,0:19
458,0:04,0:06,0:08,0:03
459,0:01,0:03,0:01,0:15
460,0:01,0:00,0:56,0:00
461,0:04,0:15,0:01,0:09
462,0:04,0:03,0:00,0:12
463,0:01,0:00,0:33,0:00
464,0:01,0:04,0:02,0:33
465,0:01,0:06,0:10,0:10
466,0:01,0:06,0:10,0:05
467,0:01,0:02,0:04,0:15
468,0:03,0:03,0:08,0:10
469,0:03,0:02,0:14,0:05
470,0:00,0:01,0:02,0:22
471,0:01,0:05,0:02,0:19
472,0:01,0:04,0:03,0:14
473,0:03,0:03,0:02,0:07
474,0:03,0:03,0:04,0:10
475,0:03,0:03,0:02,0:12
476,0:02,0:07,0:01,0:07
477,0:02,0:05,0:02,0:18
478,0:01,0:58,0:00,0:00
479,0:01,0:07,0:19,0:09
480,0:01,0:04,0:09,0:10
481,0:01,0:04,0:07,0:12
482,0:01,0:03,0:05,0:10
483,0:01,1:01,0:00,0:00
484,0:01,0:15,0:19,0:10
485,0:01,0:02,0:06,0:09
486,0:01,0:04,0:50,0:00
487,0:00,0:06,0:32,0:00
488,0:01,0:03,0:08,0:10
489,0:01,0:09,0:00,0:05
490,0:01,0:00,0:44,0:00
491,0:01,0:00,0:52,0:00
492,0:01,0:05,0:05,0:06
493,0:01,0:03,0:00,0:15
494,0:01,0:07,0:02,0:19
495,0:00,0:04,0:13,0:10
496,0:00,0:04,0:01,0:22
498,0:02,0:02,0:00,0:02
499,0:02,0:02,0:00,0:07
500,0:02,0:00,0:00,0:17
501,0:02,0:03,0:03,0:06
502,0:07,0:05,1:48,0:00
503,0:01,0:00,0:00,1:00
504,0:05,0:05,0:08,0:07
505,0:00,0:05,0:15,0:19
506,0:00,0:03,0:02,0:19
507,0:01,0:00,0:00,0:00
508,0:01,0:02,0:04,0:06
509,0:02,0:15,0:06,0:10
510,0:01,0:06,0:06,0:06
511,0:01,0:03,0:09,0:16
512,0:01,0:09,0:05,0:05
513,0:01,0:09,0:00,0:00
514,0:01,0:09,0:00,0:10
515,0:01,0:06,0:02,0:12
516,0:01,0:02,0:06,0:08
517,0:01,0:03,0:10,0:05
518,0:01,0:04,0:12,0:05
519,0:01,0:03,0:07,0:06
520,0:01,0:05,0:05,0:10
521,0:01,0:03,0:02,0:00
522,0:01,0:03,0:02,0:07
523,0:01,0:08,1:20,0:00
524,0:02,0:07,1:40,0:11
525,0:02,0:07,0:30,0:05
526,0:01,0:07,0:40,0:00
527,0:02,0:08,0:07,0:10
528,0:01,0:05,0:12,0:05
529,0:01,0:05,0:10,0:07
530,0:01,0:02,0:02,0:13
531,0:01,0:05,0:02,0:10
532,0:01,0:06,0:00,0:15
533,0:01,0:05,0:06,0:10
534,0:02,0:06,0:09,0:08
535,0:02,0:11,0:13,0:07
536,0:02,0:06,0:05,0:10
537,0:01,0:00,0:46,0:00
538,0:01,0:04,0:04,0:09
539,0:01,0:06,1:08,0:14
540,0:02,0:06,0:00,0:07
541,0:00,0:05,0:14,0:05
542,0:00,0:05,0:09,0:25
543,0:03,0:00,0:45,0:00
544,0:01,0:08,0:00,0:14
545,0:00,0:04,0:07,0:09
546,0:01,0:04,0:16,0:15
547,0:01,0:06,0:04,0:08
548,0:01,0:06,0:04,0:07
549,0:01,0:06,0:04,0:10
550,0:01,0:05,0:00,0:05
551,0:03,0:07,0:00,0:16
552,0:05,0:05,0:02,0:14
553,0:05,0:06,0:07,0:08
554,0:05,0:05,0:02,0:14
555,0:01,0:05,0:10,0:07
556,0:01,0:05,0:04,0:08
557,0:01,0:06,0:06,0:05
558,0:01,0:40,0:00,0:00
559,0:01,0:07,0:08,0:30
560,0:01,0:07,0:03,0:13
561,0:01,0:03,0:01,0:06
562,0:02,0:05,0:07,0:11
563,0:02,0:05,0:03,0:19
564,0:01,0:04,0:36,0:48
565,0:01,1:46,0:00,0:00
566,0:06,0:08,0:04,0:10
567,0:01,0:10,0:02,0:10
568,0:01,0:05,0:04,2:20
570,0:01,0:05,0:06,0:05
571,0:01,0:05,0:19,0:05
572,0:05,0:10,1:15,0:00
573,0:02,0:15,0:54,0:05
574,0:02,0:04,0:58,0:10
575,0:01,0:05,0:45,0:10
576,0:01,0:04,1:00,0:10
577,0:01,0:05,0:46,0:14
578,0:01,0:09,0:35,0:00
579,0:01,0:07,0:04,0:04
580,0:01,0:07,0:02,0:14
581,0:02,0:05,0:09,0:09
582,0:02,0:02,0:06,0:15
583,0:02,0:05,0:02,0:12
584,0:01,0:05,0:01,0:19
585,0:01,0:02,0:03,0:05
586,0:01,0:00,0:41,0:00
587,0:03,0:03,0:00,0:12
588,0:01,0:12,0:22,0:00
589,0:01,0:09,0:02,0:22
590,0:02,0:02,0:00,0:09
592,0:02,0:08,0:06,0:16
593,0:02,0:01,0:02,0:15
594,0:04,0:04,0:00,0:18
595,0:08,0:02,0:06,0:05
596,0:04,0:02,0:00,0:00
597,0:02,0:04,0:08,0:05
598,0:01,0:03,0:13,0:02
599,0:01,0:04,0:03,0:07
600,0:01,0:02,0:00,0:12
601,0:01,0:06,0:01,0:08
602,0:02,0:05,0:40,0:00
603,0:00,0:54,0:00,0:00
604,0:01,0:03,0:03,0:12
605,0:01,0:59,0:00,0:00
606,0:02,0:03,0:03,0:00
607,0:02,0:06,0:07,0:15
608,0:01,0:05,0:04,0:08
609,0:01,0:02,0:04,0:09
610,0:02,0:03,0:04,0:07
611,0:01,0:04,0:05,0:07
612,0:03,0:01,0:20,0:20
613,0:01,0:07,0:45,0:00
614,0:02,0:05,0:00,0:08
615,0:00,0:02,0:03,0:08
616,0:01,0:05,0:55,0:05
617,0:00,0:06,0:00,0:09
618,0:00,0:02,0:01,0:07
619,0:03,0:07,0:08,0:07
620,0:01,0:02,0:02,0:10
621,0:01,0:02,0:32,0:10
622,0:03,0:07,0:07,0:06
623,0:03,0:07,0:31,0:06
624,0:03,0:07,0:27,0:00
625,0:02,0:00,0:30,0:00
626,0:01,0:03,0:28,0:05
627,0:01,0:00,0:32,0:00
628,0:03,0:05,0:00,0:13
629,0:03,0:02,0:12,0:04
630,0:01,0:03,0:02,0:05
631,0:01,0:01,0:00,0:13
632,0:02,0:09,0:22,0:07
633,0:02,0:09,0:22,0:17
635,0:01,0:08,0:25,0:10
636,0:01,0:08,0:20,0:20
637,0:01,0:02,0:26,0:05
638,0:01,0:18,0:00,0:00
639,0:00,0:04,0:04,0:09
640,0:00,0:03,0:00,0:11
641,0:00,0:05,0:00,0:12
642,0:00,0:10,0:00,0:02
643,0:01,0:06,0:04,0:09
644,0:01,0:06,0:04,0:14
645,0:01,0:06,0:04,0:09
646,0:01,1:00,0:00,0:00
647,0:01,0:03,0:07,0:13
648,0:01,0:00,0:58,0:00
649,0:03,0:02,0:09,0:09
650,0:01,0:03,0:07,0:15
651,0:01,0:05,0:03,0:03
652,0:01,0:05,0:02,0:13
653,0:04,0:01,0:04,0:25
654,0:01,0:06,0:06,0:07
655,0:01,0:06,0:00,0:14
656,0:01,0:06,0:00,0:00
657,0:02,0:05,0:00,0:07
658,0:02,0:05,0:10,0:15
659,0:01,0:04,0:00,0:03
660,0:02,0:05,0:00,0:09
661,0:01,0:05,0:06,0:06
662,0:01,0:05,0:06,0:11
663,0:02,0:04,0:06,0:05
664,0:01,0:15,0:01,0:03
665,0:01,0:07,0:04,0:10
666,0:01,0:02,0:14,0:05
667,0:01,0:08,0:30,0:00
668,0:02,0:01,0:24,0:05
669,0:01,0:01,0:28,0:05
670,0:01,0:05,0:03,0:08
671,0:01,0:02,0:04,0:30
672,0:03,0:03,0:02,0:10
673,0:00,0:03,0:02,0:13
674,0:01,0:05,0:05,0:05
675,0:01,0:07,0:30,0:00
676,0:02,0:03,0:00,0:04
677,0:02,0:03,0:04,0:05
678,0:00,0:01,0:03,0:05
679,0:01,0:08,0:03,0:13
680,0:04,0:06,1:19,0:23
681,0:00,0:05,0:00,0:00
682,0:00,0:05,0:10,0:10
683,0:02,0:05,0:00,0:10
684,0:02,0:06,0:10,0:10
685,0:02,0:02,0:04,0:02
686,0:01,0:04,0:05,0:20
687,0:01,0:06,0:03,0:09
688,0:01,0:02,0:03,0:08
689,0:01,0:07,0:00,0:09
690,0:01,0:07,0:04,0:10
691,0:01,0:07,0:00,0:14
692,0:01,0:07,0:04,0:10
693,0:01,0:07,0:07,0:07
694,0:02,0:07,0:00,0:08
695,0:01,0:02,0:06,0:03
696,0:03,0:05,0:02,0:07
697,0:03,0:04,0:05,0:05
698,0:01,0:04,0:00,0:22
699,0:02,0:08,0:05,0:10
700,0:02,0:00,0:01,0:00
701,0:01,0:05,0:06,0:12
702,0:01,0:00,0:47,0:00
703,0:01,0:02,0:03,0:22
704,0:02,0:05,0:01,0:08
705,0:02,0:06,0:00,0:18
706,0:02,0:06,0:06,0:03
707,0:02,0:02,0:03,0:13
708,0:01,0:55,0:00,0:00
709,0:01,0:03,0:50,0:04
710,0:02,0:06,0:00,0:02
711,0:00,0:02,0:03,0:15
712,0:01,1:07,0:00,0:00
713,0:01,0:05,0:00,0:15
716,0:02,0:01,0:01,0:09
717,0:02,0:01,0:08,0:07
718,0:02,0:04,0:09,0:03
719,0:01,0:06,0:18,0:10
720,0:01,0:04,0:25,0:05
721,0:02,0:05,0:00,0:08
723,0:06,0:05,0:18,0:07
725,0:01,0:04,0:05,0:05
726,0:01,0:06,0:35,0:00
727,0:01,0:01,0:38,0:09
728,0:02,0:03,0:05,0:06
729,0:02,0:03,0:05,0:03
730,0:01,0:53,0:25,0:31
731,0:01,0:01,1:18,0:20
732,0:01,0:01,0:14,0:05
733,0:02,0:05,0:10,0:05
734,0:02,0:05,0:01,0:24
735,0:01,0:04,0:02,0:15
736,0:01,0:04,1:03,0:00
737,0:03,0:06,0:01,0:21
738,0:03,0:06,0:01,0:21
739,0:03,0:06,0:01,0:16
740,0:03,0:06,0:07,0:05
741,0:02,0:03,0:01,0:07
742,0:01,0:04,0:00,0:08
743,0:00,0:03,0:00,0:09
744,0:00,0:01,0:00,0:06
745,0:01,0:03,0:00,0:07
746,0:01,0:05,0:01,0:08
747,0:01,0:02,0:12,0:10
748,0:03,0:09,0:30,0:05
749,0:01,0:03,0:01,0:05
750,0:01,0:03,0:03,0:08
751,0:01,0:05,0:00,0:05
752,0:01,0:02,0:03,0:05
753,0:01,0:00,0:47,0:00
754,0:01,0:04,0:54,0:00
755,0:01,0:05,0:02,0:12
756,0:01,0:02,0:02,0:12
757,0:01,0:04,0:06,0:00
758,0:01,0:01,0:40,0:00
759,0:01,0:00,0:34,0:00
760,0:03,0:05,0:01,0:14
761,0:03,0:05,0:01,0:19
762,0:03,0:01,0:02,0:42
763,0:01,0:01,0:02,0:05
764,0:01,1:00,0:00,0:00
765,0:02,0:03,0:44,0:18
766,0:01,0:03,0:49,0:08
767,0:01,0:51,0:00,0:00
768,0:01,0:03,0:07,0:05
769,0:01,0:04,0:06,0:07
770,0:01,0:07,0:13,0:05
771,0:01,0:04,0:05,0:12
772,0:01,0:04,0:09,0:13
773,0:02,0:03,0:06,0:04
774,0:01,0:05,0:54,0:00
775,0:01,0:01,0:39,0:10
776,0:01,0:07,0:11,0:25
777,0:01,0:07,0:11,0:15
779,0:01,0:07,0:06,0:00
780,0:01,0:06,0:43,0:00
781,0:01,0:01,0:18,0:10
782,0:01,0:03,0:04,0:08
783,0:01,0:01,0:50,0:10
784,0:02,0:05,0:50,0:00
785,0:01,0:06,0:07,0:12
786,0:00,0:02,0:44,0:23
788,0:02,0:06,0:02,0:14
789,0:00,0:02,0:05,0:07
790,0:02,0:06,0:04,0:03
791,0:02,0:03,0:15,0:00
792,0:01,0:00,0:31,0:00
793,0:01,0:08,0:50,0:00
794,0:00,0:06,0:02,0:05
795,0:00,0:08,0:00,0:14
796,0:00,0:00,0:07,0:00
797,0:00,0:04,0:04,0:04
798,0:01,0:03,0:03,0:14
799,0:01,0:02,0:00,0:08
800,0:02,0:06,0:06,0:13
801,0:02,0:06,0:06,0:10
802,0:02,0:06,0:06,0:15
803,0:01,0:05,0:56,0:00
804,0:03,0:02,0:07,0:15
805,0:01,0:00,0:39,0:00
806,0:01,0:01,0:00,0:11
808,0:02,0:02,0:29,0:05
809,0:01,0:02,0:02,0:06
810,0:02,0:05,0:08,0:04
811,0:02,0:02,0:00,0:10
812,0:01,0:02,0:00,0:11
813,0:01,0:01,0:32,0:00
814,0:01,0:11,0:00,0:20
815,0:01,1:01,0:00,0:00
816,0:01,0:03,0:37,0:04
817,0:01,0:04,0:09,0:03
818,0:01,0:00,1:03,0:00
819,0:02,0:03,0:41,0:04
820,0:01,0:06,0:12,0:15
821,0:01,0:06,0:00,0:17
822,0:01,0:02,0:06,0:10
823,0:01,0:04,0:01,0:12
824,0:01,0:02,0:05,0:05
825,0:01,0:07,1:14,0:26
826,0:01,0:06,0:01,0:13
827,0:01,0:06,0:01,0:06
829,0:01,0:04,0:06,0:08
830,0:01,0:05,0:13,0:10
831,0:02,0:05,0:02,0:22
832,0:01,0:02,0:03,0:04
833,0:02,0:05,0:42,0:00
834,0:01,0:05,0:00,0:14
835,0:00,0:01,0:34,0:05
836,0:01,0:00,0:42,0:05
837,0:01,0:06,0:45,0:00
838,0:01,0:03,0:02,0:09
839,0:02,0:09,0:21,0:05
841,0:02,0:06,0:00,0:14
842,0:04,0:01,0:00,0:00
843,0:01,0:03,0:06,0:04
844,0:01,0:03,0:09,0:10
845,0:01,0:06,0:01,0:05
846,0:01,0:03,0:04,0:10
847,0:01,0:04,0:22,0:08
848,0:01,0:08,0:08,0:05
849,0:01,0:03,0:49,0:00
850,0:02,0:00,0:37,0:00
851,0:01,0:03,0:55,0:00
852,0:01,0:00,0:33,0:00
853,0:02,0:03,0:00,0:18
854,0:02,0:04,0:18,0:05
855,0:02,0:07,0:01,0:23
856,0:02,0:06,0:01,0:01
857,0:02,0:02,0:04,0:10
859,0:01,0:05,0:02,0:10
860,0:01,0:02,0:00,0:14
861,0:01,0:03,0:46,0:04
862,0:02,0:03,0:06,0:06
863,0:01,0:03,0:10,0:05
865,0:02,0:03,0:41,0:04
866,0:01,0:59,0:00,0:00
867,0:01,0:01,0:02,0:17
868,0:01,0:04,0:17,0:07
869,0:01,0:04,0:10,0:12
870,0:01,0:04,0:07,0:10
871,0:01,0:04,0:08,0:05
872,0:02,0:04,0:10,0:15
873,0:03,0:04,0:08,0:06
874,0:02,0:05,0:04,0:14
875,0:02,0:05,0:04,0:14
876,0:01,0:06,0:06,0:07
877,0:01,0:04,0:45,0:00
878,0:01,0:01,0:37,0:10
879,0:02,0:07,23:59,0:20
880,0:02,0:06,0:17,0:15
881,0:02,0:09,0:03,0:13
882,0:01,0:01,0:28,0:10
883,0:00,0:03,0:02,0:08
885,0:01,0:08,0:19,0:00
886,0:02,0:05,0:04,0:10
887,0:02,0:05,0:09,0:00
888,0:01,0:06,0:04,0:05
889,0:02,0:06,0:01,0:08
891,0:01,0:05,0:10,0:04
892,0:01,0:04,0:13,0:06
893,0:01,0:07,0:13,0:05
894,0:01,0:05,0:05,0:10
895,0:01,0:02,0:02,0:06
896,0:01,0:05,0:10,0:05
897,0:02,0:03,0:00,0:22
898,0:02,0:06,0:01,0:08
899,0:01,0:00,0:24,0:00
900,0:01,0:03,0:41,0:00
901,0:05,0:05,0:06,0:15
902,0:05,0:02,0:00,0:12
903,0:02,0:03,0:45,0:00
904,0:01,0:00,0:40,0:00
905,0:04,0:03,0:42,0:10
906,0:02,0:05,0:10,0:07
907,0:02,0:05,0:04,0:00
908,0:00,0:03,0:24,0:00
909,0:02,0:05,0:07,0:05
910,0:02,0:05,0:14,0:03
911,0:01,0:02,0:02,0:02
912,0:03,0:04,0:16,0:07
913,0:02,0:03,0:01,0:09
914,0:02,0:00,0:04,0:19
915,0:01,0:03,0:43,0:07
916,0:02,0:03,0:51,0:06
917,0:01,0:05,0:00,0:04
918,0:01,0:01,0:05,0:15
919,0:01,0:05,0:14,0:15
920,0:01,0:07,0:01,0:08
921,0:01,0:07,0:01,0:09
922,0:01,0:07,0:08,0:12
923,0:01,0:03,0:04,0:00
924,0:01,0:03,0:27,0:05
925,0:01,0:03,0:11,0:06
926,0:01,0:06,0:03,0:10
927,0:01,0:07,0:02,0:10
928,0:01,0:01,0:53,0:05
929,0:01,0:01,0:51,0:05
930,0:01,0:05,0:00,0:19
931,0:01,0:05,0:09,0:10
932,0:01,0:05,0:19,0:05
933,0:01,0:05,0:09,0:10
934,0:01,0:06,0:04,0:13
935,0:01,0:07,0:03,0:10
936,0:00,0:09,0:04,0:10
937,0:00,0:09,0:00,0:24
938,0:00,0:09,0:00,0:14
939,0:00,0:09,0:04,0:10
940,0:00,0:06,0:07,0:10
941,0:02,0:08,0:19,0:25
942,0:02,0:08,0:14,0:05
943,0:02,0:07,0:30,0:10
944,0:01,0:03,0:10,0:03
945,0:02,0:03,0:00,0:15
946,0:00,0:09,0:00,0:12
947,0:00,0:09,0:01,0:11
948,0:01,0:04,0:04,0:06
949,0:01,0:04,0:02,0:06
950,0:01,0:02,0:54,0:00
951,0:01,0:09,0:51,0:00
952,0:01,0:07,0:00,0:18
953,0:01,0:00,0:04,0:00
954,0:03,0:12,0:32,0:30
955,0:01,0:02,0:08,0:14
956,0:00,0:09,0:27,0:10
958,0:02,0:05,0:03,0:09
959,0:02,0:04,0:04,0:09
960,0:04,0:06,0:05,0:12
961,0:02,0:03,0:51,0:05
962,0:02,0:03,0:39,0:04
963,0:01,0:03,0:25,0:05
964,0:01,0:03,0:24,0:09
965,0:03,0:09,0:35,0:30
966,0:02,0:01,0:08,0:05
967,0:02,0:02,0:11,0:06
968,0:01,0:05,0:05,0:05
969,0:01,0:03,0:05,0:07
970,0:00,0:05,0:00,2:23
971,0:01,0:01,0:35,0:05
972,0:02,0:04,0:02,1:03
973,0:02,0:05,0:04,0:05
974,0:01,0:01,0:32,0:05
975,0:01,0:11,0:00,0:48
976,0:01,0:11,0:03,0:10
977,0:01,0:04,0:00,0:25
978,0:02,0:06,0:02,0:30
979,0:02,0:04,0:00,0:14
980,0:01,0:08,0:28,0:00
981,0:02,0:05,0:00,0:13
982,0:02,0:05,0:00,0:14
983,0:02,0:03,0:06,0:11
984,0:02,0:04,0:05,0:23
985,0:01,0:04,0:05,0:05
986,0:01,0:04,0:05,0:05
987,0:04,0:07,0:02,0:12
988,0:03,0:03,0:09,0:05
989,0:01,0:08,0:01,0:04
990,0:01,0:08,0:02,0:06
991,0:02,0:07,0:01,0:16
992,0:02,0:07,0:05,1:20
993,0:02,0:02,0:10,0:15
995,0:01,0:03,0:38,0:00
996,0:01,0:03,0:07,0:06
997,0:02,0:06,0:35,0:00
998,0:02,0:06,0:00,0:15
999,0:02,0:02,0:04,0:10
1000,0:01,0:06,0:11,0:20
1001,0:03,0:06,0:06,0:05
1002,0:02,0:05,0:03,0:04
1003,0:02,0:03,0:05,0:04
1004,0:01,0:05,0:13,0:07
1005,0:05,0:06,0:03,0:12
1006,0:02,0:08,0:03,0:12
1007,0:01,0:03,0:16,0:04
1009,0:04,0:06,0:02,0:05
1010,0:01,0:00,0:00,0:00
1011,0:01,0:05,0:04,0:25
1012,0:01,0:03,0:07,0:06
1013,0:00,0:05,0:10,0:00
1014,0:03,0:05,0:11,0:10
1016,0:01,0:06,0:03,0:16
1017,0:01,0:06,0:00,0:00
1018,0:03,0:05,0:04,0:09
1019,0:01,0:06,0:05,0:09
1020,0:01,0:07,0:04,0:04
1021,0:01,0:01,0:07,0:05
1022,0:02,0:06,0:04,0:20
1023,0:02,0:06,0:09,0:15
1024,0:01,0:06,0:00,0:04
1026,0:01,0:05,0:02,0:07
1027,0:03,0:05,0:10,0:14
1028,0:03,0:02,0:12,0:05
1029,0:02,0:06,0:02,0:10
1030,0:04,0:03,0:01,0:16
1031,0:04,0:02,0:05,0:03
1032,0:01,0:05,0:11,0:17
1033,0:01,0:05,0:13,0:13
1034,0:02,0:04,0:08,0:10
1035,0:05,0:04,0:04,0:07
1036,0:01,0:04,0:02,0:06
1037,0:03,0:03,0:07,0:05
1038,0:02,0:05,0:05,0:10
1039,0:03,0:04,0:13,0:05
1040,0:01,0:05,0:06,0:40
1041,0:02,0:03,0:00,0:14
1042,0:01,0:05,0:06,0:05
1043,0:01,0:05,0:01,0:07
1044,0:01,0:03,0:05,0:05
1045,0:01,0:07,0:06,0:16
1046,0:01,0:11,0:02,0:14
1048,0:02,0:07,0:00,0:14
1049,0:02,0:02,0:08,0:10
1050,0:02,0:07,0:06,0:07
1051,0:03,0:02,0:02,0:10
1052,0:03,0:06,0:08,0:10
1053,0:02,0:06,0:00,0:05
1054,0:02,0:02,0:06,0:07
1055,0:02,0:03,0:05,0:04
1056,0:01,0:08,0:09,0:10
1057,0:01,0:03,0:29,0:10
1058,0:03,0:04,0:02,0:12
1059,0:01,0:08,0:10,0:11
1060,0:01,0:02,1:02,0:00
1061,1:00,0:01,0:00,0:29
1062,0:01,0:04,0:00,0:09
1063,0:02,0:06,0:00,0:00
1064,0:01,0:05,0:00,0:12
1065,0:04,0:00,0:00,0:21
1066,0:04,0:04,0:57,0:21
1067,0:04,0:08,0:00,0:28
1068,0:03,0:05,0:16,0:06
1069,0:01,0:05,0:09,0:05
1070,0:02,0:06,0:03,0:04
1071,0:04,0:04,0:34,0:15
1072,0:11,0:03,0:15,0:04
1073,0:02,0:05,0:10,0:06
1074,0:04,0:04,0:02,0:12
1076,0:04,0:04,0:13,0:09
1077,0:04,0:05,0:04,0:07
1078,0:01,0:08,0:02,0:36
1079,0:01,0:04,0:01,0:14
1080,0:01,0:08,0:01,0:30
1081,0:02,0:05,0:12,0:05
1082,0:01,0:06,0:18,0:08
1083,0:01,0:06,0:18,0:06
1084,0:01,0:06,0:14,0:00
1085,0:00,0:06,0:08,0:06
1086,0:04,0:07,0:15,0:00
1087,0:19,0:05,0:11,0:10
1088,0:01,0:05,2:09,0:00
1089,0:00,0:05,0:06,0:05
1090,0:01,0:04,0:08,0:05
1091,0:03,0:04,0:10,0:05
1092,0:02,0:04,0:07,0:13
1093,0:03,0:02,0:31,0:00
1094,0:01,0:04,0:12,0:05
1095,0:01,0:02,0:14,0:05
1096,0:02,0:06,0:12,0:15
1097,0:02,0:06,0:07,0:10
1098,0:00,0:03,0:17,0:04
1099,0:02,0:07,0:20,0:10
1100,0:04,0:04,0:13,0:05
1101,0:01,0:04,0:03,0:18
1102,0:30,0:02,0:14,0:07
1103,0:01,0:04,0:36,0:10
1104,0:07,0:01,0:09,0:05
1105,0:02,0:07,0:04,0:17
1106,0:02,0:06,0:10,0:10
1107,0:02,0:05,0:02,0:10
1108,0:03,0:06,0:06,0:15
1109,0:03,0:06,0:04,0:13
1110,0:02,0:02,0:14,0:00
1111,0:02,0:04,0:34,0:05
1112,0:04,0:10,0:16,0:18
1113,0:01,0:09,0:07,0:10
1114,0:01,0:00,0:00,0:31
1115,0:04,0:09,0:29,0:10
1116,0:04,0:05,0:29,0:04
1117,0:02,0:03,0:26,0:04
1118,0:04,0:00,0:25,0:04
1119,0:02,0:06,0:10,0:05
1120,0:01,0:04,0:08,0:05
1121,0:04,0:02,0:06,0:03
1122,0:01,0:03,0:12,0:05
1123,0:01,0:04,0:06,0:10
1124,0:00,0:03,0:14,0:05
1125,0:01,0:05,0:04,0:07
1126,0:01,0:02,0:02,0:05
1127,0:01,0:06,1:01,0:05
1128,0:01,0:03,0:04,0:04
1129,0:01,0:01,0:06,0:04
1130,0:02,0:03,0:24,0:03
1131,0:01,0:05,0:15,0:05
1132,0:02,0:07,0:01,0:10
1133,0:01,0:05,0:01,0:17
1135,0:01,0:02,0:09,0:07
1136,0:01,0:04,0:08,0:05
1137,0:02,0:04,0:03,0:05
1138,0:02,0:06,0:04,0:02
1139,0:01,0:04,0:17,0:15
1140,0:01,0:03,0:00,0:03
1141,0:01,0:04,0:15,0:00
1142,0:01,0:05,0:04,0:10
1143,0:01,0:04,0:05,0:10
1144,0:01,0:02,0:29,0:15
1145,0:02,0:04,0:17,0:08
1146,0:12,0:03,0:07,0:06
1147,0:02,0:07,0:25,0:26
1148,0:03,0:13,0:00,0:38
1149,0:03,0:13,0:16,0:07
1150,0:02,0:03,0:08,0:13
1151,0:02,0:04,0:02,0:03
1152,0:01,0:04,0:04,0:15
1153,0:01,0:04,0:09,0:05
1154,0:01,0:03,0:16,0:04
1155,0:02,0:08,0:00,0:11
1156,0:02,0:08,0:01,0:05
1157,0:02,0:03,0:06,0:10
1159,0:04,0:10,0:00,0:00
1160,0:01,0:02,0:05,0:05
1161,0:02,0:03,0:00,0:12
1162,0:01,0:06,0:07,0:05
1163,0:01,0:09,0:23,0:20
1164,0:01,0:02,0:05,0:30
1165,0:01,0:05,0:01,0:04
1166,0:01,0:03,0:00,0:05
1167,0:01,0:03,0:03,0:08
1168,0:01,0:02,0:03,0:05
1169,0:01,0:07,0:00,0:08
1170,0:01,0:01,0:06,0:05
1171,0:02,0:05,0:02,0:03
1172,0:05,0:19,0:05,0:18
1174,0:01,0:04,0:01,0:30
1175,0:01,0:04,0:00,0:08
1176,0:01,0:03,0:05,0:15
1177,0:01,0:07,0:12,0:21
1178,0:01,0:05,0:01,0:24
1179,0:01,0:04,0:11,0:05
1180,0:01,0:16,0:00,0:03
1181,0:00,0:08,0:05,0:08
1182,0:01,0:06,0:06,0:06
1183,0:00,0:04,0:06,0:18
1185,0:02,0:06,0:08,0:10
1186,0:01,0:05,0:00,0:26
1187,0:04,0:08,0:00,0:20
1188,0:01,0:05,0:06,0:22
1189,0:02,0:05,0:00,0:11
1190,0:00,0:02,0:08,0:07
1191,0:00,0:04,0:02,0:11
1192,0:03,0:01,0:04,0:18
1193,0:01,0:05,0:10,0:12
1194,0:00,0:04,0:30,0:08
1195,0:00,0:07,0:32,0:10
1196,0:02,0:04,0:02,0:06
1197,0:01,0:06,0:01,0:06
1198,0:00,0:10,0:09,0:10
1200,0:02,0:02,0:00,0:02
1201,0:02,0:03,0:06,0:10
1202,0:02,0:05,0:25,0:00
1203,0:01,0:07,0:01,0:07
1204,0:00,0:04,0:03,0:06
1205,0:02,0:01,0:02,0:18
1206,0:01,0:04,0:12,0:05
1207,0:01,0:05,0:00,0:00
1208,0:04,0:04,0:15,0:05
1209,0:02,0:03,0:46,0:11
1210,0:06,0:25,0:03,0:01
1211,0:01,0:05,0:15,0:04
1212,0:02,0:05,0:02,0:11
1213,0:05,0:10,0:03,0:12
1214,0:01,0:05,0:05,0:17
1215,0:03,0:04,0:15,0:15
1216,0:00,0:05,0:07,0:16
1217,0:08,0:06,0:09,0:10
1218,0:02,0:04,0:40,0:16
1219,0:01,0:04,0:04,0:07
1220,0:01,0:06,0:04,0:11
1221,0:01,0:05,0:04,0:04
1222,0:01,0:05,0:11,0:10
1223,0:02,0:05,0:11,0:05
1224,0:02,0:09,1:10,0:05
1225,0:03,0:06,0:01,0:06
1226,0:01,0:03,0:11,0:05
1227,0:01,0:07,0:04,0:15
1228,0:01,0:05,0:05,0:06
1229,0:01,0:04,0:07,1:15
1230,0:02,0:01,0:00,1:13
1231,0:01,0:06,0:02,0:18
1232,0:01,0:02,1:02,0:00
1233,0:02,0:05,0:03,0:07
1234,0:03,0:06,0:22,0:09
1235,0:01,0:06,0:03,0:25
1236,0:01,0:06,0:38,0:10
1237,0:03,0:05,0:05,0:00
1238,0:02,0:05,0:05,0:05
1239,0:03,0:05,0:00,0:07
1240,0:02,0:05,0:12,0:08
1241,0:02,0:04,0:18,0:00
1242,0:01,0:05,0:14,0:07
1243,0:02,0:05,0:00,0:05
1244,0:01,0:02,1:04,0:20
1245,0:02,0:03,0:03,0:15
1246,0:02,0:03,0:03,0:05
1247,0:02,0:04,0:06,0:10
1248,0:01,0:05,0:10,0:11
1249,0:05,0:02,0:30,0:10
1250,0:02,0:11,0:00,0:13
1251,0:01,0:06,0:00,0:15
1252,0:01,0:07,0:10,0:15
1253,0:01,0:07,0:10,0:03
1254,0:01,0:07,0:00,0:11
1255,0:01,0:07,0:01,0:10
1257,0:01,0:03,0:03,0:10
1258,0:03,0:02,0:07,0:13
1259,0:01,0:05,0:06,0:06
1260,0:03,0:05,1:01,0:00
1262,0:02,0:04,0:03,0:05
1263,0:03,0:05,1:04,0:12
1264,0:01,0:04,0:06,0:08
1265,0:02,0:03,0:06,0:06
1266,0:03,0:09,0:03,0:02
1267,0:01,0:05,0:01,0:22
1268,0:01,0:05,0:18,0:05
1269,0:01,0:02,0:04,0:07
1270,0:01,0:01,0:04,0:08
1271,0:01,0:01,0:04,0:11
1272,0:00,0:09,0:00,0:18
1273,0:00,0:03,1:17,0:00
1274,0:01,0:05,0:00,0:14
1275,0:01,0:05,0:03,0:06
1276,0:01,0:06,0:00,0:04
1277,0:01,0:02,0:02,0:20
1278,0:01,0:05,0:02,0:06
1279,0:01,0:02,0:02,0:08
1280,0:02,0:06,0:03,0:07
1281,0:02,0:02,0:03,0:06
1282,0:01,0:02,0:24,0:10
1283,0:01,0:05,0:06,0:05
1284,0:01,0:02,0:04,0:10
1285,0:01,0:05,0:06,0:02
1286,0:02,0:01,0:02,0:05
1287,0:01,0:05,0:09,0:08
1288,0:02,0:13,0:02,0:17
1289,0:01,0:07,0:04,0:09
1290,0:01,0:08,0:02,0:09
1291,0:01,0:04,0:09,0:46
1292,0:01,0:04,0:20,0:00
1293,0:01,0:04,0:02,0:05
1294,0:01,0:05,0:01,0:10
1295,0:01,0:06,0:08,0:07
1296,0:03,0:14,0:02,0:15
1297,0:01,0:02,0:00,0:12
1298,0:00,0:01,0:03,0:21
1299,0:01,0:00,0:00,0:24
1300,0:00,0:06,0:00,0:02
1301,0:01,0:06,0:00,0:15
1302,0:01,0:06,0:00,0:12
1303,0:01,0:02,0:11,0:05
1304,0:04,0:05,0:44,0:14
1305,0:02,0:08,0:00,0:00
1306,0:01,0:01,0:42,23:55
1307,0:01,0:04,0:02,0:15
1308,0:01,0:03,0:08,0:05
1309,0:06,0:03,0:14,0:07
1310,0:06,0:03,0:14,0:02
1311,0:01,0:05,0:00,1:08
1312,0:02,0:04,0:08,0:05
1313,0:03,0:07,0:47,0:05
1314,0:02,0:00,0:00,0:00
1315,0:03,0:01,0:02,0:12
1316,0:02,0:05,0:09,0:11
1317,0:01,0:05,0:18,0:06
1318,0:01,0:05,0:18,0:11
1319,0:01,0:03,0:00,0:10
1320,0:01,0:05,0:40,0:10
1321,0:02,0:03,0:01,0:10
1322,0:02,0:01,0:03,0:05
1323,0:02,0:06,0:00,0:11
1324,0:02,0:02,0:05,0:15
1325,0:02,0:05,0:00,0:06
1326,0:02,0:00,0:00,0:11
1327,0:02,0:01,0:10,0:05
1328,0:02,0:05,0:18,0:02
1329,0:00,0:03,0:00,0:04
1330,0:00,0:03,0:06,0:03
1331,0:09,0:04,0:05,0:04
1332,0:01,0:03,0:16,0:05
1333,0:07,0:02,0:00,0:06
1334,0:07,0:03,0:00,0:10
1335,0:03,0:02,0:05,0:05
1336,0:02,0:04,0:05,0:05
1337,0:02,0:06,0:00,0:08
1338,0:02,0:05,0:04,0:10
1339,0:02,0:04,0:08,0:05
1340,0:01,0:05,0:06,0:03
1341,0:02,0:05,0:06,0:08
1342,0:01,0:00,0:00,0:03
1343,0:01,0:06,0:00,0:21
1344,0:00,0:08,0:20,0:10
1345,0:02,0:04,0:00,0:11
1346,0:02,0:04,0:02,0:11
1347,0:02,0:04,0:03,0:00
1348,0:17,0:05,1:01,0:18
1349,0:01,0:06,0:16,0:13
1350,0:01,0:09,0:03,0:01
1351,0:02,0:04,0:13,0:05
1352,0:02,0:04,0:13,0:05
1354,0:02,0:05,0:00,0:14
1355,0:02,0:02,0:19,0:03
1356,0:02,0:05,0:00,0:35
1357,0:02,0:01,0:29,0:06
1358,0:03,0:05,1:54,0:10
1359,0:05,0:05,0:16,0:04
1360,0:03,0:00,0:08,0:09
1361,0:01,0:01,0:02,0:15
1362,0:01,0:06,0:03,0:09
1363,0:02,0:03,0:02,0:05
1364,0:01,0:03,0:00,0:11
1365,0:02,0:06,0:00,0:05
1366,0:01,0:05,0:03,0:07
1367,0:01,0:10,0:02,0:15
1368,0:05,0:08,0:00,0:02
1369,0:04,0:14,0:30,0:10
1370,0:02,0:03,0:05,0:02
1371,0:02,0:01,0:05,0:05
1372,0:00,0:07,0:02,0:13
1373,0:01,0:04,0:06,0:08
1374,0:40,0:04,0:01,0:06
1375,0:01,0:01,0:02,0:02
1376,0:01,0:04,0:04,0:04
1377,0:03,0:01,0:26,0:00
1378,0:01,0:05,0:02,0:05
1379,0:01,0:06,0:01,0:04
1380,0:01,0:06,0:03,0:05
1381,0:01,0:04,0:01,0:06
1382,0:01,0:04,0:00,0:08
1383,0:01,0:04,0:00,0:19
1384,0:00,0:12,0:09,0:20
1385,0:00,0:01,0:02,0:08
1386,0:02,0:10,0:00,0:20
1387,0:02,0:10,0:00,0:20
1388,0:02,0:02,0:19,0:09
1389,0:01,0:10,0:00,0:13
1390,0:01,0:09,0:05,0:10
1391,0:03,0:05,0:07,0:05
1392,0:03,0:05,0:03,0:13
1393,0:01,0:10,0:01,0:29
1394,0:01,0:04,0:02,0:05
1395,0:01,0:05,0:00,0:11
1396,0:01,0:03,0:15,0:05
1397,0:04,0:00,0:00,0:00
1398,0:01,0:05,0:00,0:11
1399,0:01,0:18,0:09,0:15
1400,0:01,0:18,0:14,0:04
1401,0:01,0:02,1:00,0:10
1402,0:01,0:02,0:00,0:03
1403,0:01,0:02,0:00,0:10
1404,0:01,0:05,0:00,0:10
1405,0:01,0:00,0:01,0:04
1406,0:02,0:03,0:00,0:14
1407,0:02,0:05,0:12,0:07
1408,0:01,0:03,0:04,0:25
1409,0:01,0:05,0:15,0:15
1410,0:03,0:08,0:15,0:17
1411,0:01,0:03,0:02,0:16
1412,0:04,0:05,0:26,0:05
1413,0:02,0:04,0:42,0:17
1414,0:04,0:06,0:00,0:09
1415,0:01,0:04,0:08,0:05
1416,0:02,0:06,0:50,0:18
1417,0:00,0:00,0:00,0:15
1418,0:00,0:05,0:00,0:05
1419,0:02,0:05,0:00,0:13
1420,0:00,0:03,0:11,0:17
1421,0:01,0:04,0:12,0:05
1422,0:01,0:00,0:00,0:32
1423,0:01,0:32,0:00,0:00
1424,0:00,0:05,0:10,0:10
1425,0:02,0:04,0:00,0:09
1426,0:01,0:11,0:16,0:15
1427,0:02,0:04,0:15,0:10
1428,0:02,0:03,0:00,0:16
1429,0:02,0:03,0:03,0:04
1430,0:01,0:04,0:31,0:05
1431,0:03,0:03,0:36,0:08
1432,0:01,0:07,0:00,0:20
1433,0:03,0:08,0:00,0:21
1434,0:01,0:01,0:04,0:03
1435,0:01,0:02,0:15,0:04
1436,0:01,0:04,0:03,0:18
1437,0:01,0:04,0:00,0:17
1438,0:01,0:04,0:12,0:05
1439,0:01,0:09,0:06,0:10
1440,0:03,0:04,0:00,0:19
1441,0:01,0:07,0:11,0:07
1442,0:01,0:01,0:14,0:10
1443,0:01,0:02,0:01,0:25
1444,0:01,0:09,0:04,0:26
1445,0:03,0:04,0:00,0:04
1446,0:03,0:07,0:08,0:17
1447,0:08,0:00,0:00,0:00
1448,0:04,0:00,0:00,0:27
1450,0:03,0:06,0:25,0:05
1451,0:01,0:07,0:00,0:09
1452,0:01,0:05,0:01,0:10
1453,0:01,0:05,0:06,0:12
1454,0:00,0:04,0:04,0:10
1455,0:02,0:03,0:00,0:08
1456,0:01,0:04,1:44,0:06
1457,0:01,0:04,1:35,0:10
1458,0:01,0:04,0:03,0:06
1459,0:01,0:06,0:03,0:08
1460,0:01,0:06,0:06,0:10
1461,0:05,0:03,0:28,0:00
1463,0:00,0:09,1:43,0:09
1464,0:01,0:04,0:03,0:14
1465,0:02,0:09,1:28,0:05
1466,0:02,0:09,1:32,0:19
1468,0:02,0:05,0:01,0:18
1469,0:01,0:04,0:05,0:12
1470,0:01,0:05,0:06,0:11
1471,0:02,0:05,0:02,0:11
1472,0:02,0:05,0:07,0:11
1473,0:02,0:05,0:03,0:10
1474,0:02,0:08,0:01,0:10
1475,0:02,0:08,0:11,0:01
1476,0:02,0:05,0:14,0:00
1477,0:02,0:04,0:14,0:15
1478,0:01,0:03,0:09,0:00
1479,0:02,0:04,0:04,0:03
1481,0:02,0:05,0:00,0:08
1482,0:01,0:04,0:00,0:13
1483,0:03,0:04,0:05,0:05
1484,0:01,0:05,0:07,0:05
1485,0:02,0:07,0:00,0:12
1486,0:03,0:15,0:00,0:34
1487,0:01,0:04,0:12,0:10
1488,0:01,0:07,0:00,0:45
1489,0:01,0:04,0:02,0:05
1490,0:01,0:06,0:00,0:05
1491,0:03,0:07,0:21,0:23
1492,0:01,0:11,0:11,0:17
1493,0:08,0:10,0:00,0:12
1494,0:01,0:05,0:04,0:09
1495,0:01,0:03,0:05,0:05
1496,0:03,0:06,0:01,0:11
1497,0:00,0:07,0:16,0:05
1498,0:02,0:05,0:00,0:18
1499,0:02,0:01,0:12,0:05
1500,0:03,0:05,0:03,0:12
1501,0:03,0:06,0:02,0:07
1502,0:02,0:05,0:37,0:12
1503,0:01,0:05,0:01,0:09
1504,0:05,0:06,0:30,0:05
1505,0:01,0:04,1:00,0:00
1506,0:04,0:04,0:05,0:07
1507,0:02,0:04,0:08,0:11
1508,0:01,0:04,0:09,0:05
1509,0:01,0:02,0:09,0:15
1510,0:02,0:06,0:09,0:05
1511,0:02,0:06,0:13,0:06
1512,0:01,0:05,0:17,0:03
1513,0:01,0:05,0:03,0:07
1514,0:01,0:05,0:03,0:15
1515,0:02,0:04,0:09,0:10
1516,0:00,0:04,0:02,0:08
1517,0:00,0:06,0:00,0:13
1518,0:01,0:05,0:07,0:21
1519,0:01,0:08,0:10,0:10
1520,0:03,0:06,0:39,0:15
1521,0:03,0:10,0:36,0:12
1522,0:01,0:04,0:02,0:07
1523,0:05,0:06,0:07,0:04
1524,0:02,0:05,0:08,0:18
1525,0:02,0:05,0:08,0:15
1526,0:01,0:01,0:08,0:08
1527,0:01,0:03,0:01,0:11
1528,0:00,0:07,0:05,0:21
1529,0:01,0:04,0:02,0:24
1530,0:01,0:03,0:03,0:10
1532,0:01,0:04,0:10,0:10
1533,0:01,0:04,0:05,0:05
1534,0:01,0:09,0:17,0:19
1535,0:01,0:09,0:17,0:23
1536,0:34,0:05,1:50,0:16
1537,0:04,0:05,0:00,0:34
1538,0:01,0:03,0:01,0:12
1539,0:00,0:04,0:00,0:17
1540,0:00,0:05,0:06,0:10
1541,0:02,0:05,0:03,0:12
1542,0:01,0:07,0:00,0:10
1543,0:01,0:05,0:02,0:15
1544,0:01,0:05,0:02,0:13
1545,0:05,0:06,0:16,0:06
1546,0:02,0:05,0:07,0:04
1547,0:02,0:06,0:06,0:02
1548,0:02,0:06,0:06,0:04
1549,0:01,0:05,0:22,0:05
1550,0:01,0:02,0:05,0:15
1551,0:01,0:05,0:16,0:06
1552,0:02,0:04,0:06,0:05
1553,0:02,0:02,0:06,0:07
1554,0:01,0:04,0:01,0:21
1555,0:01,0:02,0:02,0:17
1556,0:01,0:01,0:01,0:04
1557,0:02,0:05,0:00,0:11
1558,0:02,0:04,0:03,0:14
1559,0:02,0:07,0:05,0:10
1560,0:02,0:05,0:00,0:04
1561,0:05,0:05,0:03,0:11
1563,0:02,0:07,0:00,1:03
1564,0:01,0:05,0:10,0:10
1565,0:02,0:04,0:36,0:05
1566,0:01,0:06,0:00,0:07
1567,0:01,0:02,0:00,0:14
1568,0:01,0:05,0:06,0:05
1569,0:01,0:05,0:15,0:15
1570,0:01,0:05,0:01,0:19
1571,0:03,0:02,0:00,0:00
1572,0:01,0:06,0:00,0:18
1573,0:02,0:05,0:03,0:22
1574,0:02,0:03,0:03,0:09
1575,0:03,0:07,0:00,0:08
1576,0:03,0:05,0:02,0:00
1577,0:01,0:07,0:11,0:05
1578,0:01,0:05,0:14,0:10
1579,0:03,0:00,0:03,0:04
1580,0:00,0:08,0:02,0:14
1581,0:01,0:02,0:06,0:05
1582,0:03,0:02,0:17,1:08
1583,0:07,0:00,0:00,0:03
1584,0:07,0:00,0:00,0:13
1585,0:00,0:04,0:00,0:05
1586,0:04,0:37,1:20,0:40
1587,0:04,0:05,1:24,0:08
1588,0:04,0:05,1:47,0:12
1589,0:02,0:03,0:28,0:20
1590,0:09,0:05,0:30,0:10
1591,0:01,0:02,0:07,0:15
1592,0:01,0:05,0:00,0:00
1593,0:02,0:05,0:03,0:12
1594,0:01,0:07,0:00,0:16
1595,0:03,0:08,0:13,0:10
1596,0:03,0:11,0:02,0:13
1597,0:01,0:05,0:00,0:20
1599,0:01,0:05,0:11,0:08
1600,0:01,0:04,0:01,0:06
1601,0:01,0:03,0:00,0:41
1602,0:01,0:02,0:13,0:03
1603,0:01,0:08,0:00,0:24
1604,0:00,0:00,0:00,0:00
1605,0:00,0:02,0:07,0:03
1606,0:00,0:07,0:00,0:00
1607,0:02,0:04,0:07,0:05
1608,0:03,0:05,0:15,0:10
1609,0:08,0:16,0:03,0:17
1610,0:01,0:05,0:00,0:22
1611,0:01,0:05,0:00,0:25
1612,0:01,0:04,0:00,0:07
1613,0:02,0:06,0:08,0:23
1614,0:01,0:05,0:00,0:09
1615,0:01,0:06,0:15,0:10
1616,0:00,0:05,0:04,0:04
1617,0:03,0:02,0:00,0:05
1618,0:02,0:07,0:03,0:08
1619,0:05,0:05,0:00,0:05
1620,0:01,0:04,0:06,0:07
1621,0:01,0:07,0:03,0:12
1622,0:02,0:05,0:28,0:04
1623,0:02,0:08,0:23,0:09
1624,0:03,0:06,0:03,0:10
1625,0:07,0:04,0:20,0:10
1626,0:00,0:05,0:00,0:08
1627,0:01,0:06,0:00,0:08
1628,0:02,0:04,0:00,0:10
1629,0:01,0:00,0:31,0:00
1630,0:01,0:04,0:01,0:17
1631,0:02,0:06,0:01,0:35
1632,0:02,0:02,0:09,0:08
1634,0:03,0:02,0:22,0:03
1635,0:00,0:05,0:20,0:05
1636,0:00,0:02,0:16,0:02
1637,0:01,0:06,0:00,0:08
1638,0:01,0:06,0:09,0:06
1639,0:01,0:06,0:00,0:00
1640,0:01,0:01,0:14,0:01
1641,0:04,0:09,0:12,0:04
1642,0:02,0:05,0:02,0:19
1643,0:02,0:07,0:00,0:08
1644,0:02,0:07,0:09,0:15
1645,0:01,0:09,0:22,0:04
1648,0:01,0:03,0:00,0:05
1649,0:00,0:04,0:16,0:06
1650,0:00,0:04,0:01,0:06
1651,0:02,0:06,0:00,0:05
1652,0:01,0:04,0:13,0:08
1653,0:03,0:05,0:01,0:18
1655,0:01,0:07,0:16,0:00
1657,0:01,0:03,0:03,0:42
1658,0:02,0:04,0:05,0:04
1659,0:01,0:05,0:00,0:15
1660,0:01,0:01,0:15,0:02
1661,0:01,0:00,0:21,0:30
1662,0:01,0:04,0:00,0:07
1663,0:02,0:08,0:00,0:13
1664,0:01,0:09,0:09,0:12
1665,0:01,0:04,0:23,0:10
1666,0:01,0:04,0:23,0:10
1667,0:01,0:06,0:09,0:09
1668,1:25,0:02,0:39,0:00
1669,0:08,0:01,0:00,0:24
1670,0:03,0:06,0:09,0:14
1671,0:03,0:06,0:09,0:09
1672,0:02,0:03,0:05,0:07
1673,0:03,0:06,0:08,0:08
1674,0:03,0:04,0:05,0:20
1675,0:01,0:04,0:09,0:07
1676,0:01,0:03,0:09,0:07
1677,0:01,0:06,0:04,0:13
1678,0:01,0:06,0:03,0:08
1679,0:01,0:04,0:10,0:07
1680,0:02,0:07,0:00,0:07
1681,0:02,0:05,0:09,0:05
1682,0:02,0:04,0:00,0:15
1683,0:01,0:03,0:03,0:14
1684,0:02,0:05,0:06,0:05
1685,0:08,0:03,0:06,0:09
1686,0:01,0:06,0:10,0:11
1687,0:03,0:02,0:00,0:06
1688,0:01,0:09,0:00,0:05
1689,0:02,0:05,0:11,0:05
1690,0:01,0:05,0:10,0:08
1692,0:01,0:04,0:01,0:08
1693,0:03,0:04,0:05,0:31
1694,0:01,0:05,0:04,0:10
1695,0:01,0:00,0:01,0:08
1696,0:01,0:05,0:00,0:38
1697,0:01,0:00,0:23,0:05
1698,0:02,0:06,0:13,0:10
1700,0:02,0:05,0:47,0:10
1701,0:02,0:05,0:00,0:07
1702,0:02,0:05,0:14,0:05
1703,0:02,0:05,0:17,0:07
1704,0:01,0:03,0:01,0:08
1705,0:01,0:03,0:00,0:09
1706,0:03,0:05,0:21,0:02
1707,0:01,0:05,0:00,0:00
1708,0:01,0:05,0:10,0:05
1710,0:01,0:06,0:00,0:23
1711,0:01,0:06,0:08,0:10
1712,0:01,0:04,0:08,0:07
1713,0:01,0:02,0:05,0:12
1714,0:01,0:08,0:25,0:00
1715,0:01,0:08,0:10,0:10
1716,0:01,0:15,0:00,0:21
1717,0:02,0:07,0:13,0:05
1718,0:01,0:03,1:28,0:05
1719,0:00,0:05,0:01,0:13
1720,0:02,0:04,0:09,0:08
1721,0:02,0:04,0:07,0:00
1722,0:02,0:05,0:06,0:09
1723,0:00,0:03,0:01,0:02
1724,0:04,0:09,0:08,0:25
1725,0:04,0:09,0:23,0:10
1726,0:01,0:04,0:02,0:07
1727,0:03,0:05,0:19,0:06
1728,0:02,0:04,0:02,0:10
1729,0:02,0:05,0:12,0:23
1730,0:02,0:05,0:12,0:17
1731,0:04,0:11,0:00,0:14
1732,0:01,0:07,0:05,0:15
1733,0:01,0:04,0:08,0:16
1734,0:01,0:05,0:05,0:17
1735,0:01,0:05,0:00,0:07
1736,0:01,0:05,0:00,0:22
1737,0:01,0:03,0:04,0:25
1738,0:02,0:04,0:03,0:30
1739,0:02,0:04,0:03,0:05
1740,0:01,0:07,0:08,0:05
1741,0:03,0:02,0:05,0:05
1742,0:02,0:05,0:00,0:08
1743,0:02,0:03,0:08,0:12
1744,0:01,0:04,0:16,0:05
1745,0:02,0:04,0:00,0:02
1746,0:03,0:04,0:07,0:05
1747,0:02,0:07,0:01,0:15
1748,0:01,0:04,0:00,0:23
1749,0:00,0:05,0:12,0:12
1750,0:03,0:04,0:00,0:06
1751,0:02,0:09,0:17,0:11
1752,0:02,0:04,0:04,0:05
1753,0:05,0:04,0:10,0:02
1754,0:05,0:04,0:10,0:00
1755,0:02,0:04,0:10,0:05
1756,0:01,0:08,0:05,0:11
1757,0:01,0:06,0:00,0:11
1758,0:02,0:05,0:01,0:16
1759,0:02,0:06,0:02,0:09
1760,0:02,0:05,0:03,0:16
1761,0:01,0:06,0:00,0:30
1762,0:02,0:03,0:01,0:14
1763,0:03,0:06,0:01,0:07
1764,0:01,0:12,0:00,0:46
1765,0:01,0:12,0:02,0:29
1766,0:02,0:05,0:03,0:06
1767,0:05,0:05,0:03,0:07
1768,0:01,0:05,0:02,0:08
1769,0:03,0:05,0:13,0:10
1770,0:00,0:05,0:18,0:02
1771,0:02,0:05,0:02,0:14
1773,0:02,0:00,0:00,0:00
1774,0:01,0:05,0:00,0:10
1775,0:01,0:05,0:11,0:06
1776,0:02,0:04,0:00,0:12
1777,0:01,0:03,0:00,0:03
1778,0:02,0:05,0:02,0:07
1779,0:02,0:02,0:23,0:00
1780,0:02,0:07,0:03,0:59
1781,0:06,0:04,0:00,0:28
1782,0:02,0:01,0:03,0:22
1783,0:02,0:06,0:04,0:06
1784,0:01,0:05,0:01,0:05
1785,0:01,0:03,0:00,0:08
1786,0:01,0:05,0:03,0:12
1787,0:01,0:05,0:03,0:12
1788,0:02,0:03,0:03,0:05
1789,0:02,0:06,0:25,0:07
1790,0:01,0:05,0:00,0:05
1791,0:02,0:06,0:03,0:05
1792,0:01,0:05,0:13,0:05
1793,0:01,0:05,0:01,0:09
1794,0:00,0:04,0:51,0:10
1795,0:01,0:05,0:01,0:27
1796,0:01,0:06,0:08,0:20
1797,0:01,0:04,0:05,0:15
1798,0:01,0:04,0:05,0:15
1799,0:01,0:06,0:04,0:14
1800,0:01,0:06,0:04,0:05
1801,0:01,0:05,0:05,0:24
1802,0:02,0:04,0:02,0:13
1803,0:01,0:05,0:10,0:25
1804,0:00,0:04,0:07,0:11
1805,0:00,0:06,0:05,0:11
1806,0:03,0:06,0:00,0:35
1807,0:25,0:05,0:29,0:00
1808,0:01,0:03,0:16,0:05
1809,0:01,0:04,0:08,0:05
1810,0:01,0:05,0:40,0:10
1811,0:01,0:04,0:21,0:05
1812,0:01,0:02,0:23,0:05
1813,0:01,0:06,0:18,0:06
1814,0:03,0:05,0:00,0:27
1815,0:03,0:02,1:03,0:00
1816,0:01,0:05,0:15,0:05
1817,0:01,0:04,0:02,0:14
1818,0:01,0:07,0:00,0:03
1819,0:04,0:02,0:03,0:05
1820,0:04,0:01,0:09,0:10
1821,0:01,0:14,0:04,0:05
1822,0:01,0:04,0:10,0:04
1823,0:01,0:05,0:04,0:07
1824,0:01,0:05,0:05,0:10
1825,0:04,0:09,0:14,0:15
1826,0:04,0:09,0:09,0:10
1827,0:04,0:03,0:00,0:05
1828,0:01,0:07,0:18,0:10
1829,0:02,0:04,0:02,0:02
1830,0:01,0:05,0:02,0:10
1831,0:01,0:07,0:02,0:19
1832,0:01,0:07,0:02,0:09
1833,0:01,0:05,0:10,0:10
1834,0:02,0:06,0:17,0:10
1835,0:01,0:05,0:03,0:11
1836,0:01,0:06,0:04,0:05
1837,0:02,0:08,0:03,0:32
1838,0:02,0:10,0:02,0:17
1839,0:01,0:08,0:26,0:10
1840,0:02,0:05,0:00,0:13
1841,0:02,0:05,0:00,0:13
1842,0:02,0:05,0:05,4:28
1843,0:01,0:09,0:17,0:11
1844,0:01,0:01,0:10,0:12
1845,0:00,0:09,0:00,0:33
1846,0:00,0:04,0:29,0:00
1847,0:01,0:03,0:00,0:12
1848,0:01,0:03,0:01,0:06
1849,0:01,0:03,0:01,0:07
1850,0:02,0:03,0:00,0:09
1851,0:01,0:04,0:00,0:22
1852,0:01,0:03,0:15,0:00
1853,0:01,0:00,0:12,0:03
1854,0:02,0:02,0:08,0:20
1856,0:01,0:06,0:00,0:10
1857,0:01,0:05,0:11,0:05
1858,0:01,0:04,0:03,0:07
1859,0:02,0:07,0:25,0:05
1860,0:01,0:07,0:11,0:14
1861,0:01,0:07,0:19,0:10
1862,0:02,0:04,0:00,0:04
1863,0:01,0:05,0:01,0:09
1864,0:01,0:05,0:01,0:15
1865,0:00,0:06,0:03,0:10
1866,0:00,0:06,0:01,0:07
1867,0:01,0:05,0:07,0:15
1868,0:01,0:05,0:15,0:10
1869,0:02,0:00,0:00,0:05
1870,0:02,0:04,0:13,0:06
1871,0:02,0:04,0:06,0:05
1872,0:04,0:08,0:07,0:18
1873,0:01,0:06,0:00,0:14
1874,0:02,0:07,0:00,0:05
1875,0:01,0:05,0:05,0:10
1876,0:01,0:06,0:06,0:11
1877,0:01,0:06,0:06,0:14
1878,0:00,0:05,0:01,0:20
1879,0:00,0:06,0:01,0:09
1880,0:00,0:04,0:04,0:08
1881,0:01,0:05,0:08,0:13
1882,0:01,0:06,0:05,0:15
1883,0:01,0:05,0:00,0:05
1884,0:00,0:05,0:10,1:26
1885,0:01,0:08,0:05,0:17
1886,0:01,0:08,0:04,0:08
1887,0:02,0:06,0:00,0:19
1889,0:02,0:02,1:29,1:00
1890,0:01,0:06,0:00,0:11
1891,0:02,0:04,0:20,0:03
1892,0:02,0:04,0:00,0:27
1893,0:01,0:05,0:00,0:18
1894,0:01,0:05,0:00,0:16
1895,0:00,0:08,1:01,0:05
1896,0:02,0:05,0:03,0:10
1897,0:02,0:06,1:54,0:10
1898,0:01,0:09,0:08,0:12
1899,0:01,0:06,0:00,0:09
1900,0:01,0:06,0:01,0:07
1901,0:03,0:03,0:00,0:27
1902,0:02,0:03,0:12,0:06
1903,0:01,0:09,0:00,0:15
1904,0:01,0:02,0:02,0:10
1905,0:01,0:05,0:04,0:10
1906,0:01,0:05,0:05,0:13
1907,0:01,0:07,0:03,0:13
1908,0:01,0:02,0:06,0:05
1909,0:02,0:07,0:19,0:08
1910,0:01,0:06,0:16,0:12
1911,0:01,0:06,0:15,0:15
1912,0:02,0:05,0:10,0:20
1913,0:02,0:04,0:00,0:12
1914,0:03,0:04,0:06,0:01
1915,0:03,0:04,0:06,0:09
1916,0:03,0:00,0:00,0:00
1917,0:03,0:00,0:00,0:12
1918,0:03,0:02,0:00,0:05
1919,0:01,0:02,0:03,0:14
1920,0:02,0:00,0:00,0:15
1921,0:00,0:03,0:05,0:05
1922,0:01,0:05,0:12,0:28
1923,0:01,0:08,0:07,0:20
1924,0:04,0:05,0:08,0:10
1925,0:03,0:06,0:00,0:17
1926,0:02,0:04,0:03,0:04
1927,0:01,0:02,0:00,0:00
1928,0:01,0:05,0:03,0:05
1929,0:04,0:04,0:05,0:08
1930,0:03,0:07,0:02,0:10
1931,0:00,0:06,0:03,0:08
1932,0:01,0:03,0:06,0:05
1933,0:01,0:03,0:09,0:06
1934,0:04,0:04,0:21,0:19
1935,0:02,0:03,0:06,0:08
1936,0:00,0:06,0:14,0:04
1937,0:02,0:03,0:14,0:05
1938,0:01,0:04,0:01,0:07
1939,0:01,0:04,0:03,0:09
1940,0:01,0:07,0:01,0:08
1941,0:01,0:07,0:01,0:10
1942,0:01,0:01,0:00,0:03
1944,0:01,0:07,0:06,0:08
1945,0:01,0:07,0:00,0:09
1946,0:01,0:03,0:08,0:05
1947,0:01,0:00,0:05,0:11
1948,0:02,0:03,0:00,0:03
1949,0:01,0:03,0:11,0:10
1950,0:01,0:04,0:05,0:11
1951,0:01,0:03,0:12,0:05
1952,0:04,0:04,0:08,0:06
1953,0:01,0:07,0:08,0:32
1954,0:01,0:02,0:07,0:05
1955,0:01,0:05,0:04,0:07
1956,0:01,0:04,0:00,0:08
1957,0:01,0:03,0:04,0:00
1958,0:01,0:04,0:13,0:05
1959,0:02,0:07,0:13,0:08
1960,0:01,0:02,0:00,0:15
1961,0:02,0:04,0:24,0:22
1962,0:02,0:04,0:16,0:15
1963,0:02,0:05,0:00,0:16
1964,0:00,0:00,0:07,0:00
1965,0:01,0:00,0:00,0:00
1966,0:01,0:04,0:00,0:06
1967,0:01,0:05,0:00,0:03
1968,0:02,0:06,0:09,0:05
1969,0:02,0:05,0:01,0:12
1970,0:02,0:05,0:03,0:10
1971,0:07,0:00,0:12,0:33
1972,0:01,0:08,0:00,0:08
1973,0:01,0:05,0:00,0:26
1974,0:00,0:05,0:05,0:05
1975,0:02,0:07,0:07,0:05
1976,0:02,0:04,0:06,0:10
1977,0:03,0:11,0:12,0:20
1978,0:03,0:05,0:04,0:12
1979,0:03,0:00,0:14,0:05
1980,0:02,0:08,0:01,0:00
1981,0:08,0:03,0:17,0:07
1982,0:00,0:04,0:06,0:32
1983,0:00,0:04,0:06,0:07
1984,0:01,0:04,0:09,0:03
1985,0:01,0:01,0:14,0:03
1986,0:01,0:11,0:04,0:13
1987,0:01,0:08,0:00,0:00
1988,0:01,0:04,0:00,0:04
1989,0:01,0:04,0:00,0:23
1990,0:01,0:08,0:00,0:28
1991,0:07,0:05,0:00,0:12
1992,0:01,0:06,0:00,0:37
1993,0:04,0:06,0:03,0:08
1994,0:00,0:08,0:24,0:00
1995,0:16,0:06,0:05,0:10
1996,0:02,0:05,0:03,0:05
1997,0:02,0:04,0:01,0:07
1999,0:03,0:05,1:33,0:05
2000,0:01,0:04,0:05,0:05
2001,0:03,0:02,0:09,0:00
2002,0:01,0:05,0:06,1:00
2003,0:02,0:11,0:02,0:02
2004,0:02,0:11,0:02,0:37
2005,0:02,0:11,0:02,0:27
2007,0:01,0:08,0:13,0:06
2008,0:02,0:08,0:00,0:10
2009,0:02,0:08,0:00,0:13
2010,0:02,0:04,0:05,0:10
2011,0:02,0:02,0:10,0:03
2012,0:02,0:06,0:00,0:12
2013,0:01,0:05,0:00,0:12
2014,0:01,0:06,0:11,0:05
2015,0:01,0:10,0:24,0:10
2016,0:00,0:05,0:02,0:25
2017,0:03,0:06,0:14,0:10
2018,0:03,0:04,0:07,0:07
2019,0:02,0:08,0:11,0:07
2020,0:02,0:04,0:09,0:25
2021,0:01,0:04,0:01,0:07
2022,0:01,0:03,0:00,0:25
2023,0:01,0:03,0:10,0:05
2024,0:02,0:05,0:14,0:40
2025,0:01,0:00,0:00,0:00
2026,0:00,0:04,0:22,0:06
2027,0:02,0:14,0:11,0:10
2029,0:01,0:07,0:02,0:09
2030,0:01,0:05,0:04,0:22
2031,0:02,0:05,0:10,0:07
2032,0:02,0:04,0:00,0:10
2033,0:01,0:04,0:00,0:08
2034,0:02,0:05,0:00,0:08
2035,0:02,0:05,0:04,0:10
2036,0:02,0:02,0:07,0:05
2037,0:02,0:05,0:03,0:10
2038,0:02,0:05,0:03,0:04
2039,0:02,0:02,0:03,0:07
2040,0:01,0:08,0:00,0:10
2041,0:03,0:04,0:09,0:20
2042,0:01,0:03,0:22,0:15
2043,0:02,0:03,0:08,0:05
2044,0:02,0:03,0:05,0:08
2045,0:04,0:07,0:40,0:15
2046,0:02,0:05,0:08,0:15
2047,0:02,0:03,0:01,0:11
2048,0:02,0:02,0:03,0:08
2049,0:01,0:04,0:04,0:00
2050,0:07,0:01,0:11,0:07
2051,0:02,0:04,0:00,0:14
2052,0:02,0:00,0:00,0:00
2053,0:01,0:05,0:09,0:07
2054,0:01,0:05,0:11,0:05
2055,0:01,0:05,0:09,0:07
2056,0:01,0:05,0:07,0:10
2057,0:01,0:05,0:00,0:07
2058,0:00,0:05,0:03,0:34
2059,0:00,0:04,0:00,0:22
2060,0:01,0:03,0:00,0:08
2061,0:03,0:06,0:01,0:10
2062,0:01,0:10,0:11,0:10
2064,0:04,0:04,0:00,0:13
2065,0:04,0:04,0:00,0:01
2066,0:02,0:05,0:07,0:05
2067,0:04,0:05,0:00,0:22
2068,0:02,0:11,0:00,0:05
2069,0:00,0:12,0:01,0:32
2070,0:01,0:00,0:00,0:00
2071,0:00,0:06,0:00,0:20
2073,0:03,0:03,0:26,0:05
2074,0:03,0:14,0:06,0:27
2075,0:01,0:06,0:10,0:10
2077,0:03,0:00,0:00,0:00
2078,0:01,0:04,0:00,1:25
2079,0:01,0:24,0:40,0:20
2080,0:01,0:05,0:06,0:16
2081,0:01,0:05,0:08,0:10
2082,0:02,0:01,0:06,0:10
2083,0:03,0:06,0:35,0:20
2084,0:02,0:06,0:14,0:06
2085,0:02,0:05,0:08,0:05
2086,0:04,0:06,0:03,0:10
2087,0:04,0:05,0:07,0:12
2088,0:03,0:09,0:33,0:17
2089,0:01,0:05,0:02,0:07
2090,0:04,0:05,0:11,0:15
2091,0:02,0:05,0:13,0:12
2092,0:01,0:06,0:06,0:23
2093,0:01,0:10,0:05,0:10
2094,0:01,0:06,0:09,0:05
2095,0:22,0:07,0:07,0:10
2096,0:01,0:05,0:35,0:10
2097,0:01,0:05,0:06,0:05
2098,0:02,0:03,0:05,0:07
2099,0:02,0:03,0:02,0:13
2100,0:01,0:02,0:04,0:01
2101,0:03,0:07,0:08,0:10
2102,0:03,0:05,0:04,0:11
2103,0:01,0:16,0:03,0:17
2104,0:02,0:06,0:18,0:10
2105,0:01,0:08,0:02,0:18
2106,0:02,0:16,0:13,0:00
2107,0:03,0:07,0:19,0:05
2108,0:03,0:05,0:03,0:10
2109,0:04,0:09,0:42,0:20
2110,0:04,0:09,0:57,0:45
2111,0:01,0:07,0:13,0:16
2112,0:02,0:05,0:20,0:07
2113,0:01,0:06,0:00,0:13
2114,0:00,0:03,0:05,0:07
2115,0:02,0:04,0:01,0:05
2116,0:02,0:03,0:00,0:12
2117,0:01,0:08,0:04,0:15
2118,0:03,0:08,0:07,0:08
2119,0:04,0:04,0:01,0:07
2120,0:02,0:05,0:19,0:10
2121,0:01,0:03,0:14,0:10
2122,0:03,0:02,0:45,0:04
2123,0:01,0:06,0:03,1:09
2124,0:01,0:05,0:04,0:07
2125,0:01,0:04,0:03,0:10
2126,0:01,0:04,0:13,0:10
2127,0:01,0:04,0:03,0:05
2128,0:01,0:08,0:12,0:10
2129,0:01,0:05,0:00,0:11
2130,0:02,0:01,0:21,0:05
2131,0:02,0:01,0:00,0:00
2132,0:03,0:04,0:13,0:04
2133,0:01,0:06,0:02,0:05
2134,0:01,0:05,0:00,0:03
2135,0:01,0:11,0:00,0:09
2136,0:01,0:00,0:00,0:17
2137,0:02,0:04,0:02,0:25
2138,0:02,0:03,0:06,0:09
2139,0:02,0:03,0:08,0:10
2140,0:02,0:05,0:07,0:10
2141,0:02,0:05,0:07,0:10
2142,0:02,0:05,0:17,0:10
2143,0:03,0:12,0:03,0:10
2144,0:02,0:06,0:06,0:17
2145,0:01,0:00,0:38,0:00
2146,0:37,0:03,0:11,0:06
2148,0:03,0:05,0:05,0:08
2149,0:03,0:03,0:10,0:17
2150,0:02,0:07,0:23,0:10
2151,0:02,0:07,0:13,0:13
2152,0:02,0:10,0:05,0:00
2153,0:02,0:03,0:17,0:05
2154,0:00,0:07,0:04,0:10
2155,0:00,0:04,0:22,0:05
2156,0:01,0:05,0:04,0:09
2157,0:01,0:05,0:04,0:19
2158,0:02,0:06,0:05,0:08
2159,0:02,0:06,0:06,0:07
2161,0:02,0:09,0:01,0:15
2162,0:02,0:05,0:05,0:10
2163,0:01,0:03,0:06,0:09
2164,0:02,0:08,0:06,0:08
2165,0:02,0:04,0:05,0:05
2167,0:01,0:10,0:07,0:05
2168,0:01,0:05,0:09,0:13
2169,0:02,0:03,0:06,0:08
2170,0:01,0:02,0:03,0:05
2171,0:01,0:06,1:37,0:05
2172,0:02,0:05,0:00,0:05
2173,0:02,0:04,0:02,0:09
2174,0:02,0:03,0:03,0:12
2175,0:03,0:05,0:50,0:10
2177,0:02,0:08,0:01,1:12
2178,0:00,0:06,0:02,0:29
2179,0:00,0:05,0:02,0:04
2180,0:01,0:12,0:54,0:05
2181,0:01,0:05,0:04,0:10
2182,0:02,0:28,0:10,0:00
2183,0:02,0:04,0:05,0:10
2184,0:01,0:11,0:15,0:10
2185,0:01,0:01,0:37,0:05
2186,0:01,0:05,0:03,0:00
2187,0:01,0:11,0:20,0:00
2188,0:02,0:03,0:59,0:10
2189,0:01,0:05,0:00,0:13
2190,0:01,0:04,0:01,0:09
2191,0:02,0:03,0:01,0:06
2192,0:04,0:02,0:14,0:05
2193,0:02,0:04,0:03,0:08
2194,0:02,0:06,0:00,0:09
2195,0:01,0:04,0:44,0:05
2196,0:00,0:05,0:12,0:07
2197,0:00,0:08,0:13,0:05
2198,0:00,0:08,0:13,0:08
2199,0:01,0:05,0:49,0:05
2200,0:04,0:10,0:13,0:12
2201,0:02,0:06,0:08,0:37
2202,0:02,0:03,0:40,0:20
2203,0:01,0:01,0:29,0:05
2204,0:03,0:08,0:20,0:03
2205,0:01,0:04,0:00,0:23
2206,0:00,0:07,0:29,0:25
2207,0:00,0:00,0:00,0:16
2208,0:00,0:07,0:00,0:03
2209,0:01,0:06,0:01,0:09
2210,0:01,0:01,0:00,0:04
2211,0:01,0:03,0:08,0:00
2212,0:01,0:06,0:04,0:10
2213,0:01,0:05,0:03,0:22
2214,0:00,0:05,0:48,0:05
2216,0:01,0:04,0:48,0:05
2217,0:02,0:05,1:00,0:05
2218,0:01,0:06,0:07,0:10
2219,0:01,0:05,0:02,0:16
2220,0:01,0:03,0:53,0:05
2221,0:01,0:10,0:02,0:05
2222,0:03,0:04,0:31,0:07
2223,0:01,0:03,0:06,0:06
2224,0:01,0:07,0:00,0:13
2225,0:03,0:03,0:02,0:04
2226,0:03,0:01,0:49,0:00
2227,0:01,0:00,1:18,0:10
2228,0:01,0:02,0:12,0:05
2229,0:01,0:09,0:05,0:05
2230,0:01,0:04,0:10,0:05
2231,0:02,0:09,0:02,0:18
2232,0:02,0:04,0:05,0:05
2233,0:01,0:01,0:50,0:10
2234,0:01,0:11,0:30,0:10
2235,0:01,0:00,0:57,0:00
2236,0:04,0:32,0:23,0:00
2238,0:01,0:12,0:00,0:24
2239,0:03,0:04,0:00,0:07
2240,0:02,0:05,0:31,0:02
2241,0:00,0:03,0:18,0:05
2242,0:02,0:00,0:18,0:05
2243,0:02,0:02,0:12,0:17
2244,0:02,0:06,0:04,0:14
2245,0:00,0:09,0:00,0:50
2246,0:01,0:04,0:30,0:05
2247,0:02,0:02,0:00,0:41
2248,0:01,0:05,0:08,0:19
2249,0:01,0:05,0:08,0:29
2250,0:01,0:03,0:09,0:25
2251,0:03,0:10,1:00,0:30
2252,0:03,0:04,0:00,0:28
2253,0:01,0:06,0:05,0:14
2254,0:01,0:04,0:02,0:07
2255,0:01,0:04,0:04,0:12
2256,0:02,0:07,0:15,0:10
2257,0:02,0:05,0:02,0:18
2258,0:02,0:05,0:00,0:11
2259,0:01,0:02,0:18,0:04
2260,0:02,0:05,0:06,0:05
2261,0:01,0:05,0:02,0:18
2262,0:01,0:06,0:00,0:19
2263,0:01,0:06,0:05,0:09
2264,0:02,0:10,0:21,0:13
2265,0:02,0:02,0:01,0:05
2266,0:00,0:07,0:02,0:11
2267,0:03,0:01,0:03,0:55
2268,0:01,0:04,0:03,0:00
2269,0:01,0:04,0:03,0:10
2270,0:01,0:04,0:03,0:08
2271,0:02,0:02,0:04,0:02
2272,0:02,0:00,0:01,0:06
2273,0:02,0:04,0:55,0:05
2274,0:01,0:05,0:12,0:12
2275,0:02,0:04,0:15,0:10
2276,0:02,0:04,0:06,0:14
2277,0:01,0:07,0:01,0:10
2278,0:00,0:03,0:06,0:10
2279,0:00,0:06,0:00,0:13
2280,0:02,0:02,0:07,0:05
2281,0:04,0:04,0:05,0:05
2282,0:02,0:05,0:01,0:10
2283,0:03,0:05,0:08,0:10
2284,0:01,0:02,0:08,0:05
2285,0:01,0:04,0:05,0:05
2286,0:01,0:01,0:01,0:01
2287,0:01,0:07,0:06,0:05
2288,0:01,0:01,0:45,0:05
2289,0:10,0:00,0:00,1:10
2290,0:01,0:04,0:15,0:01
2291,0:01,0:05,0:10,0:05
2292,0:01,0:02,0:47,0:05
2293,0:05,0:03,0:05,0:02
2294,0:01,0:05,0:07,0:15
2295,0:02,0:04,0:04,0:00
2296,0:05,0:06,0:00,0:11
2297,0:04,0:12,0:08,0:05
2298,0:01,0:05,0:00,0:20
2299,0:00,0:06,0:00,0:09
2300,0:00,0:05,0:19,0:11
2301,0:01,0:08,0:23,0:10
2302,0:03,0:06,0:02,0:12
2303,0:01,0:05,0:01,0:11
2304,0:01,0:04,0:03,0:10
2305,0:09,0:00,0:00,0:50
2306,0:01,0:03,0:43,0:05
2307,0:01,0:04,0:34,0:07
2308,0:05,0:02,0:12,0:03
2309,0:05,0:10,0:00,0:02
2310,0:01,0:03,0:50,0:05
2311,0:01,0:10,0:18,0:12
2312,0:02,0:05,0:00,0:05
2313,0:02,0:03,0:13,0:04
2314,0:03,0:05,0:38,0:05
2315,0:02,0:03,0:08,0:11
2316,0:02,0:05,0:01,0:06
2317,0:01,0:06,0:00,0:23
2318,0:01,0:06,0:01,0:20
2319,0:04,0:13,0:01,0:09
2320,0:04,0:11,0:07,0:02
2321,0:01,0:08,0:21,0:15
2322,0:01,0:06,0:00,0:06
2323,0:01,0:03,0:02,0:04
2324,0:01,0:05,0:26,0:13
2325,0:01,0:05,0:27,0:07
2326,0:01,0:00,0:45,0:10
2327,0:02,0:02,0:35,0:00
2328,0:02,0:05,0:03,0:10
2329,0:01,0:05,0:04,0:06
2330,0:05,0:04,0:06,0:05
2331,0:03,0:03,0:04,0:04
2332,0:03,0:02,0:02,0:37
2333,0:01,0:00,0:00,0:30
2334,0:01,0:03,0:35,0:06
2335,0:01,0:03,0:17,0:04
2336,0:01,0:05,0:09,0:12
2337,0:01,0:05,0:09,0:06
2338,0:01,0:05,0:09,0:01
2339,0:02,0:05,0:06,0:04
2340,0:02,0:05,0:01,0:06
2341,0:01,0:08,0:22,0:06
2342,0:01,0:08,0:22,0:05
2343,0:01,0:01,0:50,0:05
2344,0:01,0:01,0:55,0:05
2345,0:01,0:05,0:02,0:08
2346,0:02,0:02,0:08,0:03
2347,0:02,0:03,0:02,0:13
2348,0:01,0:07,0:10,0:17
2349,0:01,0:04,0:10,0:10
2350,0:01,0:02,0:43,0:10
2351,0:01,0:05,0:12,0:10
2352,0:01,0:07,0:12,0:11
2353,0:02,0:04,0:27,0:10
2354,0:01,0:06,0:03,0:07
2355,0:01,0:06,0:03,0:07
2356,0:01,0:04,0:03,0:13
2357,0:01,0:10,0:14,0:46
2358,0:01,0:05,0:34,0:00
2359,0:01,0:04,0:04,1:37
2360,0:03,0:10,0:04,0:07
2361,0:04,0:09,0:00,0:06
2362,0:00,0:10,0:05,0:05
2363,0:03,0:13,0:04,0:15
2364,0:02,0:30,0:00,0:00
2365,0:05,0:05,0:00,0:52
2366,0:03,0:08,0:51,0:05
2367,0:01,0:37,0:34,0:00
2368,0:04,0:07,0:05,0:04
2369,0:01,0:11,0:00,0:22
2370,0:04,0:09,0:55,0:05
2371,0:02,0:06,0:05,0:03
2372,0:08,0:05,0:10,0:10
2373,0:02,0:25,0:15,0:30
2374,0:04,0:17,0:00,0:18
2375,0:02,0:14,0:14,0:09
2376,0:01,0:07,0:01,0:06
2377,0:01,0:07,0:01,0:01
2378,0:07,0:11,0:00,0:02
2379,0:00,0:06,0:50,0:20
2380,0:01,0:08,0:25,0:17
2381,0:03,0:10,0:00,0:25
2382,0:01,0:11,0:03,0:10
2383,0:02,0:05,0:19,0:15
2384,0:00,0:03,0:15,0:25
2385,0:02,0:03,0:19,0:05
2386,0:01,0:06,0:05,0:12
2387,0:02,0:04,0:01,0:25
2388,0:01,0:08,0:47,0:25
2389,0:02,0:04,0:00,0:14
2390,0:00,0:06,0:13,0:00
2391,0:01,0:05,0:01,0:18
2392,0:01,0:05,0:02,0:02
2393,0:01,0:05,0:28,0:16
2394,0:00,0:04,0:03,0:12
2395,0:01,0:05,0:00,0:05
2396,0:02,0:03,0:02,0:02
2397,0:02,0:03,0:14,0:04
2398,0:04,0:04,0:58,0:15
2399,0:01,0:00,0:00,0:00
2400,0:01,0:00,0:00,0:00
2401,0:01,0:09,0:16,0:03
2402,0:01,0:06,0:23,0:06
2403,0:01,0:08,0:13,0:06
2404,0:05,0:13,0:00,0:11
2405,0:05,0:06,0:40,0:22
2406,0:01,0:05,0:00,0:13
2407,0:00,0:09,0:01,0:20
2408,0:00,0:09,0:01,0:12
2409,0:03,0:04,0:05,0:05
2410,0:02,0:03,0:03,0:05
2411,0:01,0:04,0:00,0:20
2412,0:02,0:04,0:00,0:11
2413,0:01,0:05,0:02,0:20
2414,0:00,0:07,0:00,0:14
2415,0:00,0:02,0:06,0:03
2416,0:02,0:05,0:12,0:05
2417,0:02,0:04,0:00,0:11
2418,0:03,0:05,0:00,0:08
2419,0:02,0:03,0:00,0:08
2420,0:02,0:07,0:02,0:07
2421,0:01,0:04,0:03,0:00
2422,0:01,0:04,0:03,0:15
2423,0:03,0:04,1:38,0:18
2424,0:03,0:10,1:33,1:24
2425,0:00,0:09,0:26,0:05
2426,0:03,1:07,0:30,1:30
2427,0:02,0:17,0:00,0:08
2428,0:00,0:04,0:04,0:06
2429,0:00,0:04,0:02,0:05
2430,0:01,0:06,0:02,0:10
2431,0:01,0:05,0:06,0:18
2432,0:01,0:02,0:09,0:06
2433,0:01,0:05,0:02,0:07
2434,0:05,0:13,0:15,0:20
2435,0:02,0:03,0:03,0:03
2436,0:03,0:05,0:03,0:10
2437,0:01,0:04,0:02,0:06
2438,0:02,0:06,0:02,0:12
2439,0:03,0:11,0:35,0:25
2440,0:03,0:03,0:28,0:00
2441,0:01,0:11,0:04,0:28
2442,0:01,0:11,0:00,0:22
2443,0:01,0:06,0:04,0:07
2444,0:01,0:07,0:24,0:10
2445,0:01,0:04,0:00,0:07
2446,0:01,0:05,0:13,0:05
2447,0:02,0:06,0:01,0:07
2448,0:03,0:04,0:00,0:00
2449,0:03,0:02,0:13,0:02
2450,0:03,0:02,0:07,0:04
2451,0:05,0:07,0:31,0:14
2452,0:01,0:04,0:06,0:10
2453,0:01,0:06,0:00,0:12
2455,0:00,0:05,0:20,0:10
2456,0:02,0:08,0:21,0:10
2457,0:02,0:08,0:21,0:10
2458,0:01,0:05,0:05,0:09
2459,0:11,0:04,0:11,0:10
2460,0:01,0:06,0:04,0:10
2461,0:01,0:03,0:05,0:07
2462,0:01,0:03,0:05,0:11
2463,0:01,0:02,0:11,0:02
2464,0:01,0:07,0:11,0:06
2465,0:02,0:04,0:08,0:08
2466,0:01,0:07,0:02,0:21
2467,0:01,0:04,0:07,0:15
2468,0:02,0:07,0:06,0:12
2469,0:02,0:07,0:06,0:27
2470,0:01,0:06,0:00,0:07
2471,0:01,0:06,0:00,0:07
2472,0:01,0:04,0:09,0:05
2473,0:01,0:05,0:00,0:10
2474,0:01,0:04,0:04,0:07
2475,0:03,0:07,0:15,0:10
2476,0:03,0:07,0:02,0:25
2477,0:01,0:06,0:17,0:05
2478,0:01,0:03,0:20,0:05
2479,0:03,0:04,0:00,0:14
2480,0:01,0:04,0:01,0:12
2481,0:01,0:07,0:12,0:15
2482,0:01,0:00,0:00,0:39
2483,0:01,0:05,0:06,0:08
2484,0:03,0:05,0:05,0:03
2485,0:01,0:00,0:09,0:03
2486,0:01,0:02,0:08,0:10
2487,0:02,0:07,1:25,0:10
2488,0:01,0:04,0:02,0:08
2489,0:01,0:04,0:13,0:02
2490,0:01,0:02,1:21,0:05
2491,0:02,0:04,0:01,0:13
2492,0:02,0:05,0:00,0:13
2493,0:01,0:04,0:00,0:24
2494,0:01,0:04,0:14,0:05
2496,0:03,0:05,0:04,0:22
2497,0:05,0:03,0:08,0:01
2498,0:03,0:05,0:27,0:12
2499,0:03,0:05,0:27,0:07
2500,0:02,0:05,0:40,0:10
2501,0:02,0:05,0:40,0:04
2502,0:02,0:05,0:30,0:10
2503,0:02,0:05,0:03,0:12
2504,0:01,0:02,0:12,0:05
2505,0:02,0:04,0:30,0:25
2506,0:00,0:05,0:11,0:10
2507,0:01,0:05,0:00,0:14
2508,0:01,0:07,0:05,0:15
2509,0:01,0:12,0:25,0:20
2510,0:01,0:03,0:04,0:15
2511,0:01,0:03,0:37,0:07
2512,0:01,0:04,0:00,0:00
2513,0:02,0:02,0:00,0:24
2514,0:01,0:02,0:06,0:05
2515,0:02,0:00,0:07,0:04
2516,0:02,0:02,0:09,0:05
2517,0:03,0:01,0:25,0:05
2518,0:01,0:06,0:11,0:05
2519,0:01,0:04,0:00,0:09
2520,0:01,0:03,0:03,0:15
2521,0:01,0:05,0:07,0:08
2522,0:01,0:05,0:14,0:11
2523,0:02,0:04,0:07,0:05
2524,0:01,0:04,0:00,0:10
2525,0:02,0:05,0:11,0:10
2526,0:01,0:04,0:02,0:12
2527,0:04,0:08,0:26,0:16
2528,0:01,0:07,0:04,0:11
2529,0:01,0:04,0:07,0:11
2530,0:01,0:04,0:07,0:03
2531,0:01,0:02,0:09,0:11
2532,0:02,0:07,0:09,0:13
2533,0:02,0:04,0:10,0:05
2534,0:01,0:06,0:00,0:08
2535,0:01,0:04,0:05,0:05
2536,0:02,0:06,0:10,0:06
2537,0:02,0:05,0:01,0:10
2538,0:02,0:00,0:00,0:00
2539,0:01,0:05,0:00,0:02
2540,0:01,0:17,0:00,0:00
2542,0:01,0:04,0:01,0:03
2543,0:01,0:05,0:06,0:07
2544,0:01,0:05,0:01,0:01
2545,0:01,0:05,0:00,0:08
2546,0:02,0:06,0:03,0:06
2547,0:02,0:10,0:36,0:15
2548,0:01,0:05,0:02,0:05
2549,0:02,0:03,0:03,0:05
2550,0:02,0:01,1:12,0:00
2551,0:01,0:03,0:08,0:21
2552,0:02,0:04,0:00,0:05
2553,0:02,0:04,0:08,0:05
2554,0:02,0:04,0:13,0:05
2555,0:02,0:05,0:10,0:05
2556,0:01,0:06,0:12,0:10
2557,0:01,0:03,0:05,0:10
2558,0:02,0:08,0:00,0:10
2559,0:01,0:08,0:03,0:07
2560,0:04,0:00,0:00,0:07
2561,0:03,0:02,0:19,0:10
2562,0:03,0:02,0:24,0:05
2563,0:01,0:05,0:04,0:09
2564,0:01,0:05,0:03,0:08
2565,0:01,0:04,0:16,0:10
2566,0:03,0:10,0:13,0:12
2567,0:03,0:10,0:13,0:10
2568,0:01,0:04,0:02,0:10
2569,0:01,0:03,0:08,0:05
2570,0:03,0:03,0:27,0:04
2571,0:03,0:02,0:19,0:03
2572,0:02,0:02,0:10,0:06
2573,0:02,0:08,0:05,0:11
2574,0:02,0:05,0:09,0:06
2575,0:02,0:05,0:05,0:15
2576,0:02,0:05,0:07,0:10
2577,0:01,0:01,0:06,0:10
2578,0:03,0:06,0:28,0:05
2579,0:02,0:10,0:00,0:12
2580,0:02,0:02,0:10,0:10
2581,0:08,0:03,0:40,0:05
2582,0:00,0:05,0:09,0:07
2583,0:02,0:00,0:00,0:14
2584,0:02,0:08,0:00,0:07
2585,0:02,0:03,0:02,0:05
2587,0:02,0:00,0:00,0:13
2588,0:01,0:06,0:26,0:11
2589,0:01,0:06,0:04,0:09
2590,0:00,0:05,0:02,0:05
2591,0:01,0:03,0:02,0:15
2592,0:01,0:04,0:05,0:05
2593,0:01,0:05,0:03,0:15
2594,0:01,0:06,0:01,0:07
2595,0:01,0:03,0:06,0:09
2596,0:04,0:04,0:02,0:10
2597,0:01,0:05,0:07,0:05
2598,0:01,0:05,0:11,0:05
2599,0:03,0:03,0:07,0:01
2600,0:00,0:07,0:01,0:15
2601,0:00,0:05,0:04,0:14
2602,0:02,0:03,0:08,0:15
2603,0:04,0:03,0:00,0:04
2604,0:02,0:03,0:00,0:09
2605,0:02,0:06,0:05,0:10
2606,0:03,0:06,0:11,0:03
2607,0:04,0:01,0:06,0:02
2608,0:01,0:04,0:06,0:08
2609,0:01,0:04,0:00,0:05
2610,0:01,0:01,0:03,0:15
2611,0:02,0:05,0:09,0:05
2612,0:01,0:05,0:02,0:10
2613,0:01,0:06,0:02,0:05
2614,0:01,0:04,0:08,0:05
2615,0:02,0:06,0:01,0:07
2616,0:08,0:03,0:15,0:05
2617,0:02,0:02,0:05,0:05
2618,0:07,0:03,0:06,0:08
2619,0:02,0:03,0:46,0:10
2620,0:01,0:06,0:17,0:13
2621,0:01,0:02,0:21,0:05
2623,0:02,0:07,0:03,0:13
2624,0:02,0:03,0:02,0:13
2625,0:01,0:07,0:00,0:10
2626,0:01,0:04,0:00,0:28
2627,0:02,0:05,0:47,0:05
2628,0:01,0:07,0:08,0:10
2629,0:01,0:04,0:08,0:13
2630,0:01,0:07,0:05,0:19
2631,0:01,0:07,0:09,0:10
2632,0:01,0:05,0:09,0:07
2634,0:04,0:33,0:40,0:40
2637,0:02,0:06,0:00,0:31
2638,0:02,0:05,0:02,0:05
2639,0:01,0:04,0:04,0:05
2642,0:01,0:14,0:13,0:05
2643,0:03,0:00,0:00,0:10
2644,0:01,0:05,0:03,0:08
2645,0:02,0:00,0:07,0:05
2646,0:01,0:08,0:01,0:11
2647,0:01,0:04,0:00,0:09
2648,0:01,0:05,0:01,0:11
2649,0:01,0:05,0:00,0:04
2650,0:02,0:06,0:53,0:01
2651,0:10,0:00,0:00,0:20
2652,0:04,0:05,0:00,0:07
2653,0:02,0:05,0:00,0:14
2654,0:00,0:11,0:14,0:05
2655,0:00,0:02,0:02,0:11
2656,0:02,0:02,0:09,0:04
2657,0:01,0:01,0:01,0:27
2658,0:02,0:03,0:06,0:15
2659,0:02,0:03,0:06,0:15
2660,0:01,0:02,0:05,0:05
2661,0:00,0:03,0:18,0:10
2662,0:02,0:05,0:00,0:11
2663,0:01,0:06,0:00,0:02
2664,0:07,0:05,0:04,0:05
2665,0:02,0:05,0:14,0:05
2666,0:01,0:00,0:00,0:00
2667,0:02,0:04,0:06,0:08
2668,0:02,0:04,0:11,0:10
2669,0:03,0:05,0:12,0:10
2670,0:21,0:05,0:03,0:07
2671,0:00,0:05,0:20,0:05
2672,0:02,0:07,0:04,0:10
2673,0:02,0:03,0:13,0:11
2674,0:02,0:04,0:12,0:01
2675,0:02,0:06,0:02,0:10
2676,0:01,0:02,0:19,0:03
2677,0:01,0:05,0:02,0:08
2678,0:01,0:05,0:04,0:08
2679,0:01,0:12,0:00,0:10
2680,0:02,0:05,0:00,0:05
2682,0:01,0:05,0:00,0:14
2683,0:01,0:05,0:14,0:09
2684,0:01,0:07,0:00,0:16
2685,0:01,0:05,0:00,0:13
2686,0:04,0:05,0:05,0:12
2687,0:00,0:07,0:01,0:10
2688,0:02,0:05,0:00,0:05
2689,0:05,0:11,0:00,0:03
2690,0:02,0:08,0:03,0:07
2691,0:01,0:09,0:14,0:05
2692,0:01,0:05,0:03,0:20
2693,0:01,0:01,0:15,0:05
2694,0:02,0:05,0:05,0:09
2695,0:01,0:04,0:20,0:05
2696,0:01,0:05,0:05,0:11
2697,0:01,0:05,0:05,0:06
2698,0:00,0:08,0:22,0:12
2699,0:01,0:05,0:06,0:19
2700,0:02,0:11,0:10,0:10
2701,0:02,0:04,0:22,0:14
2702,0:02,0:02,0:04,0:10
2703,0:02,0:05,0:16,0:05
2704,0:03,0:05,0:26,0:05
2705,0:03,0:04,1:27,0:10
2706,0:02,0:00,0:00,0:17
2707,0:01,0:05,0:09,0:33
2708,0:01,0:05,0:05,0:15
2709,0:02,0:05,0:11,0:08
2710,0:01,0:03,0:02,1:08
2711,1:07,0:00,1:02,0:10
2712,0:02,0:05,0:08,0:23
2713,0:01,0:05,0:03,0:08
2714,0:01,0:07,0:01,0:11
2715,0:02,0:06,0:04,0:05
2716,0:02,0:09,0:00,0:12
2717,0:02,0:05,0:02,0:09
2718,0:01,0:06,0:20,0:08
2719,0:01,0:02,0:16,0:05
2720,0:01,0:00,0:00,0:13
2722,0:07,0:09,0:09,0:07
2723,0:01,0:03,0:00,0:21
2724,0:01,0:04,0:06,0:08
2725,0:01,0:04,0:17,0:07
2726,0:02,0:03,0:07,0:05
2727,0:02,0:08,0:00,0:07
2728,0:01,0:05,0:08,0:14
2729,0:01,0:05,0:05,0:10
2730,0:02,0:04,0:08,0:10
2731,0:02,0:06,0:45,0:20
2732,0:03,0:05,0:01,0:05
2733,0:03,0:10,0:01,0:04
2734,0:03,0:10,0:02,0:03
2735,0:03,0:03,0:10,0:05
2736,0:01,0:01,0:22,0:05
2737,0:01,0:07,0:00,0:12
2738,0:02,0:06,0:00,1:07
2739,0:02,0:06,0:22,0:10
2740,0:00,0:05,0:08,0:08
2741,0:01,0:05,0:05,0:11
2742,0:03,0:06,0:06,0:17
2743,0:02,0:02,0:04,0:03
2744,0:04,0:07,0:00,0:19
2745,0:01,0:06,0:20,0:12
2746,0:02,0:08,0:02,0:06
2747,0:01,0:07,0:01,0:13
2748,0:00,0:06,0:11,0:07
2749,0:00,0:06,0:08,0:10
2750,0:00,0:06,0:00,0:00
2751,0:00,0:04,0:30,0:10
2752,0:00,0:04,0:14,0:06
2753,0:00,0:05,0:05,0:10
2754,0:01,0:04,0:00,0:04
2755,0:01,0:07,1:27,0:15
2756,0:02,0:04,0:05,0:10
2758,0:01,0:04,0:03,0:05
2759,0:01,0:00,0:00,0:00
2760,0:01,0:03,0:13,0:05
2762,0:04,0:04,0:17,0:06
2763,0:07,0:04,0:17,0:08
2764,0:01,0:02,0:10,0:02
2765,0:01,0:07,0:03,0:09
2766,0:03,0:10,0:10,0:15
2767,0:03,0:10,0:01,0:19
2768,0:03,0:03,0:07,0:20
2769,0:03,0:05,0:15,0:09
2770,0:05,0:07,0:55,0:10
2771,0:02,0:01,1:23,0:10
2772,0:01,0:02,0:20,0:10
2773,0:01,0:06,0:33,0:13
2774,0:01,0:06,0:00,0:06
2775,0:02,0:04,0:00,0:10
2776,0:01,0:13,0:15,0:10
2777,0:02,0:04,0:07,0:07
2778,0:01,0:05,0:03,0:05
2779,0:01,0:03,0:12,0:07
2780,0:01,0:03,0:20,0:04
2781,0:02,0:05,0:02,0:13
2782,0:02,0:03,0:01,0:03
2783,0:03,0:04,0:03,0:05
2784,0:04,0:01,0:44,0:10
2785,0:01,0:05,0:02,0:06
2786,0:01,0:04,0:06,0:07
2787,0:01,0:05,0:10,0:07
2788,0:01,0:03,0:05,0:02
2789,0:03,0:04,0:08,0:09
2790,0:03,0:05,0:10,0:07
2791,0:04,0:08,0:01,0:15
2792,0:01,0:07,0:26,0:15
2793,0:01,0:05,0:38,0:00
2794,0:01,0:03,0:05,0:05
2795,0:06,0:03,0:16,0:05
2796,0:02,0:04,0:00,0:13
2797,0:01,0:04,0:06,0:03
2798,0:02,0:08,0:16,0:04
2799,0:02,0:08,0:16,0:04
2800,0:02,0:04,0:08,0:05
2801,0:02,0:05,0:00,0:11
2802,0:02,0:04,0:40,0:00
2803,0:01,0:05,0:01,0:07
2804,0:01,0:07,0:09,0:01
2805,0:01,0:05,0:11,0:06
2806,0:02,0:07,0:00,0:05
2807,0:02,0:02,0:00,0:10
2808,0:01,0:10,0:00,0:10
2809,0:01,0:05,0:05,0:05
2810,0:00,0:05,0:01,0:10
2811,0:01,0:05,0:00,0:08
2812,0:01,0:05,0:02,0:06
2813,0:02,0:05,0:01,0:08
2814,0:02,0:04,0:00,0:20
2816,0:01,0:02,0:10,0:05
2817,0:01,0:05,0:00,0:04
2818,0:01,0:10,0:04,0:21
2819,0:01,0:05,0:08,0:05
2820,0:01,0:05,0:08,0:05
2821,0:02,0:05,0:28,0:10
2822,0:02,0:04,0:04,0:07
2823,0:02,0:02,0:06,0:05
2824,0:02,0:05,0:00,0:05
2825,0:03,0:05,0:00,0:21
2826,0:01,0:05,0:00,0:08
2827,0:01,0:04,0:33,0:17
2828,0:01,0:07,0:31,0:10
2829,0:01,0:06,0:05,0:11
2830,0:01,0:10,0:01,0:11
2831,0:02,0:06,0:02,0:08
2832,0:02,0:05,0:04,0:10
2833,0:01,0:05,0:01,0:09
2834,0:02,0:05,0:04,0:12
2835,0:01,0:05,0:03,0:10
2836,0:01,0:06,0:01,0:09
2837,0:01,0:03,0:00,0:13
2838,0:01,0:03,0:03,0:07
2839,0:01,0:02,0:21,0:02
2840,0:01,0:04,0:02,0:30
2841,0:00,0:08,0:00,0:06
2842,0:00,0:04,0:03,0:07
2843,0:01,0:05,0:00,0:08
2844,0:03,0:01,0:01,0:01
2845,0:03,0:04,0:08,0:06
2846,0:01,0:11,0:03,0:12
2847,0:01,0:05,0:09,0:07
2848,0:01,0:04,0:00,0:00
2849,0:01,0:05,0:00,0:11
2850,0:01,0:03,0:00,0:00
2851,0:04,0:08,0:48,0:10
2852,0:01,0:03,0:19,0:10
2854,0:01,0:05,0:10,0:10
2855,0:01,0:00,0:15,0:05
2856,0:01,0:04,0:02,0:09
2857,0:01,0:04,0:01,0:05
2858,0:00,0:05,0:05,0:13
2859,0:01,0:12,0:02,0:15
2860,0:01,0:06,0:01,0:17
2861,0:01,0:00,0:00,0:00
2862,0:01,0:04,0:03,0:12
2863,0:02,0:06,0:05,0:05
2864,0:02,0:06,0:29,0:21
2865,0:02,0:02,0:04,0:30
2866,0:03,0:04,0:40,0:05
2867,0:01,0:05,0:11,0:04
2868,0:02,0:05,0:28,0:05
2869,0:02,0:04,0:02,0:05
2870,0:00,0:05,0:00,0:06
2871,0:00,0:04,0:00,0:07
2872,0:02,0:05,0:04,0:10
2873,0:02,0:03,0:06,0:05
2874,0:01,0:07,0:08,0:09
2875,0:02,0:05,0:17,0:05
2876,0:02,0:12,0:00,0:17
2877,0:01,0:06,0:03,0:08
2878,0:00,0:04,0:08,0:05
2879,0:00,0:03,0:26,0:00
2880,0:01,0:06,0:04,0:08
2881,0:03,0:06,0:04,0:05
2882,0:01,0:06,0:06,0:09
2883,0:02,0:06,0:07,0:12
2884,0:01,0:03,0:06,0:10
2885,0:00,0:08,0:00,0:13
2886,1:40,0:04,0:00,1:25
2887,0:01,0:05,0:14,0:10
2888,0:01,0:09,0:12,0:05
2889,0:01,0:09,0:07,0:05
2890,0:00,0:00,0:00,0:00
2891,0:00,0:05,0:06,0:10
2892,0:02,0:03,0:02,0:02
2893,0:01,0:03,0:03,0:10
2894,0:00,0:03,0:06,0:06
2895,0:01,0:10,0:39,0:12
2896,0:01,0:06,0:00,0:11
2897,0:12,0:03,0:33,0:05
2898,0:01,0:04,0:00,0:05
2899,0:00,0:05,0:11,0:05
2900,0:02,0:05,0:00,0:21
2901,0:03,0:01,0:10,0:18
2902,0:03,0:01,0:10,0:18
2903,0:03,0:04,0:00,0:32
2904,0:01,0:04,0:17,0:16
2905,0:01,0:02,0:07,0:40
2906,0:01,0:09,0:05,1:51
2907,0:01,0:04,0:01,0:17
2908,0:01,0:05,0:07,0:12
2909,0:01,0:05,0:00,0:12
2910,0:01,0:06,0:09,0:18
2911,0:01,0:04,0:16,0:06
2912,0:03,0:06,0:09,0:10
2913,0:01,0:11,0:07,0:10
2914,0:01,0:00,0:00,0:00
2915,0:02,0:01,0:00,0:02
2916,0:01,0:02,0:18,0:05
2917,0:00,0:05,0:00,0:02
2918,0:00,0:05,0:07,0:10
2919,0:02,0:10,0:15,0:19
2920,0:02,0:06,0:08,0:05
2921,0:02,0:05,0:14,0:10
2922,0:01,0:02,0:08,0:02
2923,0:01,0:06,0:09,0:04
2924,0:01,0:05,0:10,0:04
2925,0:01,0:03,0:05,0:11
2926,0:02,0:08,0:15,0:06
2927,0:01,0:03,0:01,0:11
2928,0:03,0:02,0:07,0:10
2929,0:02,0:05,0:53,0:00
2930,0:04,0:06,0:08,0:08
2931,0:01,0:10,0:08,0:06
2932,0:01,0:05,0:29,0:00
2933,0:01,0:04,0:04,0:10
2934,0:01,0:02,0:16,0:00
2935,0:02,0:03,0:11,0:10
2936,0:01,0:06,0:05,0:21
2937,0:00,0:04,0:05,0:10
2938,0:04,0:12,0:08,0:15
2939,0:09,0:07,0:15,0:08
2940,0:02,0:04,0:13,0:06
2941,0:02,0:11,0:01,0:08
2942,0:01,0:05,0:00,0:04
2943,0:01,0:06,0:01,0:05
2944,0:02,0:03,0:05,0:00
2946,0:02,0:04,0:06,0:04
2947,0:02,0:04,0:11,0:10
2948,0:03,0:07,0:49,0:10
2949,0:03,0:05,1:11,0:05
2950,0:02,0:11,0:04,0:08
2951,0:00,0:00,0:00,0:00
2952,0:02,0:11,0:05,0:05
2953,0:00,0:06,0:03,0:04
2954,0:01,0:02,0:15,0:04
2955,0:01,0:04,0:00,0:06
2956,0:01,0:06,0:01,0:07
2957,0:01,0:04,0:05,0:05
2958,0:01,0:02,0:55,0:05
2959,0:01,0:08,0:00,0:10
2960,0:01,0:05,1:35,0:20
2961,0:01,0:03,0:07,0:07
2962,0:02,0:02,0:00,0:04
2963,0:01,0:03,0:00,0:16
2964,0:01,0:09,0:15,0:10
2965,0:01,0:02,0:04,0:08
2966,0:03,0:03,0:00,0:09
2967,0:01,0:04,0:34,0:21
2968,0:01,0:04,0:14,0:30
2969,0:02,0:05,0:00,0:08
2970,0:01,0:04,0:03,0:05
2971,0:06,0:05,0:00,4:07
2972,0:02,0:06,0:01,0:11
2973,0:03,0:05,0:09,0:07
2974,0:02,0:04,0:05,0:12
2975,0:01,0:08,0:10,0:05
2976,0:01,0:05,0:03,0:10
2977,0:01,0:03,0:42,0:09
2978,0:04,0:05,0:10,0:07
2979,0:02,0:03,0:03,0:05
2980,0:02,0:04,0:10,0:05
2981,0:02,0:03,0:11,0:05
2982,0:02,0:05,0:03,0:10
2983,0:02,0:02,0:04,0:08
2984,0:01,0:02,0:08,0:02
2985,0:01,0:02,0:08,0:07
2986,0:01,0:02,0:05,0:05
2987,0:02,0:05,0:11,0:05
2988,0:01,0:06,0:02,0:10
2989,0:02,0:11,0:00,0:10
2990,0:03,0:03,0:00,0:05
2991,0:03,0:04,0:06,0:15
2992,0:01,0:08,0:00,0:09
2993,0:01,0:06,0:01,0:26
2994,0:01,0:06,0:20,0:10
2995,0:02,0:05,0:02,0:08
2996,0:00,0:02,0:03,0:05
2997,0:02,0:00,0:00,0:00
2998,0:02,0:04,0:15,0:07
2999,0:00,0:07,0:09,0:23
3000,0:00,0:07,0:09,0:08
3001,0:00,0:07,0:07,0:05
3003,0:03,0:07,0:25,0:10
3004,0:02,0:05,0:20,0:06
3005,0:02,0:05,0:36,0:10
3006,0:02,0:06,0:42,0:10
3007,0:03,0:00,0:00,0:00
3008,0:03,0:05,0:05,0:05
3009,0:03,0:05,0:01,0:06
3010,0:00,0:02,0:24,0:00
3011,0:01,0:03,0:00,0:10
3012,0:00,0:02,0:20,0:10
3013,0:02,0:07,0:24,0:10
3014,0:01,0:10,0:07,0:10
3015,0:01,0:02,0:10,0:03
3016,0:01,0:06,0:01,0:07
3017,0:02,0:03,0:18,0:05
3018,0:01,0:06,0:04,0:09
3019,0:03,0:03,0:06,0:05
3020,0:01,0:04,0:08,0:07
3021,0:01,0:05,0:07,0:07
3022,0:01,0:02,0:01,0:18
3023,0:01,0:11,0:00,0:05
3024,0:01,0:01,0:02,0:02
3025,0:02,0:06,0:23,0:10
3026,0:02,0:04,0:00,0:09
3027,0:02,0:01,0:12,0:00
3028,0:02,0:00,0:45,0:00
3029,0:02,0:02,0:05,0:04
3030,0:02,0:04,0:10,0:10
3031,0:01,0:04,0:03,0:12
3032,0:01,0:04,0:12,0:03
3033,0:01,0:04,0:03,0:13
3034,0:02,0:04,0:00,0:08
3035,0:02,0:02,0:05,0:10
3036,0:03,0:05,0:08,0:03
3037,0:03,0:05,0:08,0:03
3038,0:01,0:07,0:00,0:48
3039,0:01,0:05,0:01,0:10
3040,0:01,0:01,0:01,0:00
3041,0:02,0:04,0:27,0:17
3042,0:03,0:09,0:00,0:07
3043,0:02,0:04,0:01,0:13
3044,0:01,0:07,0:03,0:07
3046,0:01,0:05,0:02,0:07
3047,0:01,0:04,0:04,0:05
3048,0:01,0:05,0:03,0:07
3049,0:05,0:17,0:14,0:10
3050,0:04,0:03,0:05,0:03
3051,0:01,0:06,0:05,0:28
3052,0:01,0:10,0:00,0:28
3053,0:01,0:10,0:00,0:13
3054,0:01,0:05,0:03,0:10
3055,0:02,0:05,0:08,0:05
3056,0:03,0:05,0:42,0:19
3057,0:01,0:05,0:00,0:02
3058,0:02,0:05,0:07,0:35
3059,0:00,0:06,0:02,0:04
3060,0:00,0:06,0:52,0:05
3061,0:00,0:03,1:40,0:05
3062,0:03,0:06,0:19,0:15
3063,0:03,0:04,0:21,0:05
3064,0:02,0:02,0:06,0:05
3065,0:01,0:05,0:12,0:05
3066,0:01,0:04,0:00,0:07
3067,0:03,0:02,0:10,0:03
3068,0:01,0:06,0:03,0:23
3069,0:01,0:06,0:07,0:20
3070,0:03,0:03,0:22,0:00
3071,0:05,0:05,0:10,0:05
3072,0:00,0:05,0:13,0:17
3073,0:00,0:04,0:11,0:08
3074,0:02,0:04,0:00,0:08
3075,0:02,0:02,0:01,0:16
3076,0:02,0:07,0:01,0:13
3077,0:00,0:02,0:06,0:05
3078,0:02,0:06,0:14,0:06
3079,0:01,0:05,0:07,0:05
3080,0:02,0:01,0:04,0:05
3081,0:02,0:04,0:10,0:08
3082,0:02,0:04,0:12,0:06
3083,0:01,0:06,0:12,0:05
3084,0:02,0:05,0:09,0:18
3085,0:02,0:05,0:00,0:02
3086,0:03,0:04,0:00,0:07
3087,0:02,0:03,0:00,3:26
3088,0:01,0:05,0:46,0:10
3089,0:00,0:04,0:00,0:05
3090,0:01,0:04,0:00,0:34
3091,0:02,0:03,0:05,0:09
3092,0:02,0:04,0:08,0:05
3093,0:02,0:03,0:00,0:14
3094,0:01,0:07,0:01,0:02
3095,0:02,0:04,0:05,0:08
3096,0:01,0:06,0:04,0:34
3097,0:00,0:08,0:02,0:18
3098,0:02,0:06,0:02,0:01
3099,0:00,0:09,0:00,0:06
3100,0:05,0:04,0:08,0:13
3101,0:03,0:02,0:06,0:07
3102,0:01,0:12,1:20,0:00
3103,0:01,0:12,1:10,0:00
3104,0:02,0:00,0:01,0:02
3105,0:03,0:05,0:32,0:08
3106,0:01,0:04,0:41,0:40
3107,0:01,0:04,0:41,0:10
3108,0:10,0:14,0:14,0:52
3109,0:01,0:10,0:02,0:15
3110,0:01,0:05,0:03,0:07
3111,0:01,0:04,0:14,0:04
3112,0:00,0:05,0:02,0:13
3113,0:04,0:04,0:00,0:20
3114,0:02,0:05,0:30,0:05
3115,0:01,0:03,0:00,0:00
3116,0:04,0:09,0:14,0:20
3117,0:04,0:09,0:29,0:15
3118,0:04,0:09,0:17,0:47
3119,0:01,0:03,0:00,0:07
3120,0:01,0:04,0:04,0:07
3121,0:01,0:07,0:19,0:30
3123,0:02,0:41,2:26,0:10
3124,0:02,0:05,0:06,0:09
3125,0:02,0:05,0:37,0:07
3126,0:02,0:03,0:05,0:11
3127,0:02,0:05,0:09,0:05
3128,0:01,0:03,0:03,0:08
3129,0:02,0:04,0:05,0:11
3130,0:01,0:07,0:00,0:05
3131,0:01,0:08,0:06,0:16
3132,0:01,0:05,0:14,0:06
3133,0:02,0:04,0:02,0:05
3134,0:02,0:02,0:11,0:10
3135,0:01,0:05,0:15,0:08
3136,0:05,0:02,0:25,0:05
3137,0:01,0:05,0:04,0:10
3138,0:01,0:07,0:01,0:11
3139,0:01,0:03,0:08,0:05
3140,0:01,0:05,0:00,0:05
3141,0:01,0:05,0:05,0:08
3142,0:01,0:05,0:08,0:05
3143,0:01,0:07,0:01,0:13
3144,0:01,0:05,0:03,0:07
3145,0:01,0:06,0:07,0:06
3146,0:02,0:11,0:00,0:15
3147,0:00,0:07,0:00,0:05
3148,0:02,0:05,0:00,0:44
3149,0:01,0:07,0:11,0:20
3150,0:02,0:03,0:10,0:05
3151,0:01,0:07,0:00,0:08
3152,0:01,0:04,0:02,0:12
3153,0:01,0:06,0:03,0:09
3154,0:00,0:06,0:01,0:09
3155,0:02,0:04,0:00,0:06
3156,0:01,0:04,0:19,0:15
3157,0:01,0:06,0:08,0:29
3158,0:19,0:04,0:00,0:03
3159,0:02,0:02,0:17,0:10
3160,0:02,0:10,0:21,0:10
3161,0:02,0:03,0:19,0:04
3162,0:01,0:03,0:10,0:10
3163,0:01,0:06,0:11,0:22
3164,0:04,0:05,0:00,0:10
3166,0:02,0:03,0:02,0:08
3167,0:02,0:06,0:00,0:16
3168,0:02,0:02,0:04,0:11
3169,0:03,0:05,0:10,0:07
3170,0:03,0:05,0:10,0:01
3171,0:02,0:05,0:10,0:09
3172,0:01,0:04,0:06,0:03
3173,0:00,0:05,0:00,0:08
3174,0:01,0:08,0:01,0:14
3175,0:01,0:03,1:37,0:10
3176,0:02,0:04,0:02,0:05
3177,0:01,0:02,0:03,0:05
3178,0:01,0:09,0:00,0:08
3179,0:01,0:15,0:00,0:08
3180,0:01,0:06,0:00,0:01
3181,0:01,0:04,2:34,0:10
3182,0:01,0:11,0:02,0:13
3183,0:01,0:09,0:04,0:13
3184,0:01,0:03,0:03,0:05
3185,0:01,0:03,0:04,0:09
3186,0:01,0:14,0:22,0:11
3187,0:01,0:05,0:03,0:12
3188,0:02,0:02,0:17,0:00
3189,0:02,0:02,0:00,0:23
3190,0:01,0:07,0:00,0:18
3191,0:01,0:07,0:02,0:19
3192,0:01,0:05,0:06,0:09
3193,0:01,0:04,0:15,0:07
3194,0:01,0:07,0:10,0:10
3195,0:27,0:05,0:02,0:06
3196,0:01,0:00,0:00,0:00
3197,0:01,0:04,0:11,0:05
3198,0:01,0:04,0:27,0:04
3199,0:01,0:08,0:00,0:10
3200,0:01,0:04,0:00,0:12
3201,0:02,0:05,0:08,0:00
3202,0:02,0:05,0:03,0:08
3203,0:02,0:04,0:09,0:26
3204,0:02,0:06,0:14,0:11
3205,0:02,0:06,0:15,0:20
3207,0:02,0:02,0:02,0:28
3208,0:01,0:06,0:01,0:12
3209,0:01,0:03,0:06,0:11
3210,0:01,0:07,0:01,0:17
3211,0:01,0:03,0:11,0:02
3212,0:01,0:09,0:01,0:10
3213,0:01,0:06,0:03,0:09
3214,0:01,0:19,0:07,0:10
3215,0:02,0:08,0:01,0:09
3216,0:02,0:08,0:03,0:12
3217,0:03,0:01,0:07,0:35
3218,0:01,0:03,0:05,0:15
3219,0:01,0:04,0:01,0:10
3220,0:03,0:06,0:46,0:10
3221,0:01,0:01,0:03,0:04
3222,0:06,0:05,0:01,0:05
3223,0:02,0:05,0:04,0:09
3224,0:02,0:03,0:06,0:09
3225,0:07,0:01,0:03,0:00
3226,0:04,0:02,0:12,0:00
3227,0:01,0:08,0:51,0:00
3228,0:02,0:02,0:00,0:05
3229,0:01,0:03,0:09,0:10
3230,0:02,0:05,0:03,0:17
3231,0:03,0:04,0:04,0:06
3232,0:01,0:02,0:03,0:08
3233,0:01,0:06,0:02,0:06
3234,0:02,0:01,0:00,0:07
3235,0:02,0:01,0:03,0:02
3237,0:02,0:04,0:22,0:02
3238,0:03,0:04,0:01,0:05
3239,0:01,0:05,0:02,0:11
3240,0:02,0:04,0:00,0:02
3241,0:02,0:03,0:14,0:16
3242,0:02,0:03,0:05,0:08
3243,0:04,0:05,0:16,0:05
3244,0:02,0:09,0:00,0:09
3245,0:01,0:10,0:01,0:52
3246,0:01,0:10,0:00,0:18
3247,0:01,0:02,0:01,0:05
3248,0:01,0:04,0:00,0:14
3249,0:01,0:07,0:22,0:09
3250,0:01,0:06,0:02,0:12
3251,0:01,0:03,0:03,0:04
3252,0:01,0:06,0:00,0:09
3253,0:05,0:25,0:20,0:24
3254,0:01,0:07,0:08,0:15
3255,0:03,0:03,0:06,0:04
3256,0:03,0:05,0:00,0:03
3257,0:03,0:04,0:09,0:05
3258,0:02,0:03,0:07,0:10
3259,0:02,0:03,0:07,0:05
3260,0:01,0:04,0:22,0:05
3261,0:01,0:00,0:00,0:13
3262,0:01,0:04,0:02,0:05
3263,0:01,0:04,0:00,0:07
3264,0:01,0:05,0:00,0:13
3265,0:02,0:05,0:35,0:04
3266,0:02,0:02,0:19,0:05
3267,0:00,0:05,0:03,0:09
3268,0:02,0:05,0:02,0:08
3269,0:01,0:10,0:08,0:19
3270,0:01,0:07,0:00,0:17
3271,0:03,0:02,0:06,0:05
3272,0:01,0:05,0:06,0:05
3273,0:01,0:05,0:02,0:14
3274,0:01,0:04,0:08,0:06
3275,0:01,0:04,0:00,0:03
3276,0:01,0:05,1:02,0:10
3277,0:02,0:05,0:07,0:09
3278,0:02,0:05,0:14,0:05
3279,0:04,0:04,1:49,0:35
3280,0:00,0:04,0:15,0:03
3281,0:03,0:07,0:04,0:20
3282,0:01,0:02,0:15,0:05
3283,0:04,0:04,1:27,0:00
3284,0:01,0:08,0:40,0:13
3285,0:01,0:05,0:53,0:10
3286,0:01,0:03,0:00,0:06
3287,0:02,0:05,0:01,0:10
3288,0:04,0:05,0:13,0:15
3289,0:01,0:05,0:08,0:08
3290,0:01,0:05,0:03,0:11
3291,0:01,0:05,0:05,0:05
3292,0:01,0:05,0:04,0:09
3293,0:01,0:04,0:08,0:10
3294,0:00,0:06,0:02,0:07
3295,0:00,0:04,1:48,0:13
3296,0:00,0:06,0:02,0:38
3297,0:00,0:06,0:00,0:28
3298,0:03,0:06,0:10,0:07
3299,0:03,0:02,0:16,0:05
3300,0:01,0:05,0:00,0:09
3301,0:03,0:05,0:05,0:12
3302,0:03,0:06,0:06,0:25
3303,0:00,0:06,0:00,0:04
3304,0:00,0:06,0:02,0:07
3305,0:01,0:05,0:09,0:12
3306,0:01,0:05,0:07,0:07
3307,0:01,0:04,0:10,0:02
3308,0:01,0:06,0:02,0:08
3309,0:01,0:03,0:05,0:05
3310,0:03,0:04,0:02,0:10
3312,0:02,0:04,0:00,0:25
3313,0:02,0:02,0:22,0:05
3314,0:01,0:03,0:00,0:05
3315,0:01,0:03,0:05,0:30
3316,0:00,0:06,0:03,0:15
3317,0:01,0:08,0:06,0:04
3318,0:02,0:06,0:00,0:14
3319,0:03,0:03,0:09,0:03
3320,0:01,0:05,0:05,0:13
3321,0:01,0:03,0:08,0:14
3322,0:01,0:09,0:00,0:14
3323,0:01,0:04,0:05,0:00
3324,0:07,0:02,0:13,0:05
3325,0:04,0:06,0:02,0:08
3326,0:02,0:03,0:02,0:04
3327,0:02,0:05,0:02,0:18
3328,0:01,0:07,0:04,0:20
3329,0:01,0:13,0:00,0:12
3331,0:01,0:05,0:00,0:24
3332,0:01,0:05,0:09,0:15
3334,0:02,0:04,0:01,0:08
3335,0:02,0:01,0:01,0:10
3336,0:01,0:04,0:02,0:09
3337,0:01,0:03,0:07,0:10
3339,0:01,0:02,0:07,0:00
3340,0:02,0:04,0:12,0:08
3341,0:02,0:04,0:06,0:07
3342,0:01,0:05,0:05,0:15
3343,0:01,0:05,0:10,0:10
3344,0:02,0:10,0:25,0:10
3345,0:04,0:02,0:06,0:02
3346,0:01,0:06,0:01,0:09
3347,0:02,0:05,0:06,0:05
3348,0:02,0:04,0:50,0:03
3349,0:01,0:06,0:00,0:13
3350,0:03,0:08,0:59,0:19
3351,0:00,0:02,0:02,0:10
3352,0:04,0:03,0:22,0:05
3353,0:01,0:03,0:04,0:07
3354,0:02,0:03,0:00,0:08
3355,0:01,0:03,0:02,0:06
3356,0:02,0:04,0:00,0:09
3357,0:00,0:04,0:02,0:11
3358,0:00,0:04,0:03,0:03
3359,0:01,0:10,0:00,0:18
3360,0:04,0:02,0:05,0:10
3361,0:04,0:06,0:02,0:05
3362,0:01,0:04,0:02,0:09
3363,0:01,0:10,0:00,0:09
3364,0:01,0:03,0:02,0:12
3365,0:02,0:06,0:00,0:06
3366,0:02,0:03,0:04,0:10
3367,0:02,0:04,0:00,0:18
3368,0:02,0:06,0:09,0:00
3369,0:02,0:06,0:09,0:15
3370,0:04,0:02,0:01,0:00
3371,0:01,0:04,0:03,0:09
3372,0:02,0:06,0:24,0:05
3373,0:01,0:05,0:13,0:05
3374,0:01,0:00,0:00,0:03
3375,0:21,0:00,1:12,0:16
3376,0:01,0:04,0:14,0:15
3377,0:01,0:06,0:03,0:06
3379,0:01,0:03,0:25,0:02
3380,0:02,0:08,0:16,0:15
3381,0:02,0:05,0:14,0:05
3382,0:02,0:07,0:06,0:05
3383,0:01,0:06,0:00,0:09
3384,0:01,0:05,0:10,0:00
3385,0:02,0:05,0:02,0:08
3386,0:00,0:02,0:15,0:05
3387,0:01,0:01,0:10,0:05
3388,0:01,0:03,0:01,0:11
3389,0:01,0:01,0:09,0:00
3390,0:02,0:03,0:10,0:10
3391,0:01,0:04,0:00,0:18
3392,0:20,0:05,0:23,0:10
3393,0:01,0:05,0:02,0:05
3394,0:00,0:05,0:30,0:11
3395,0:00,0:02,0:34,0:02
3396,0:01,0:04,0:21,0:04
3397,0:01,0:03,0:05,0:07
3398,0:01,0:10,0:02,0:16
3399,0:01,0:10,0:00,0:08
3400,0:02,0:04,0:00,0:14
3401,0:01,0:05,0:07,0:06
3402,0:05,0:05,0:03,0:01
3403,0:01,0:05,0:01,0:06
3404,0:04,0:05,0:02,0:08
3405,0:01,0:06,0:03,0:06
3406,0:00,0:05,0:04,0:06
3407,0:01,0:14,0:05,0:25
3408,0:03,0:03,0:02,0:09
3410,0:01,0:05,0:25,0:00
3411,0:01,0:07,0:19,0:15
3412,0:02,0:04,0:02,0:05
3413,0:02,0:05,0:03,0:13
3414,0:01,0:04,0:03,0:04
3415,0:00,0:04,0:11,0:05
3416,0:03,0:05,0:06,0:10
3417,0:01,0:05,0:06,0:07
3418,0:01,0:06,0:04,0:09
3419,0:02,0:00,0:00,0:00
3420,0:02,0:04,0:06,0:03
3421,0:01,0:06,0:08,0:07
3422,0:01,0:03,0:26,0:05
3423,0:00,0:02,0:07,0:05
3424,0:00,0:06,0:05,0:05
3425,0:00,0:02,0:16,0:00
3427,0:02,0:06,0:00,0:19
3428,0:01,0:04,0:00,0:16
3430,0:01,0:07,0:04,0:18
3432,0:01,0:08,0:01,0:06
3433,0:01,0:05,0:15,0:00
3434,0:02,0:06,0:00,0:12
3435,0:02,0:05,0:08,0:10
3436,0:02,0:03,0:03,0:12
3437,0:01,0:07,0:01,0:07
3438,0:01,0:03,0:10,0:10
3439,0:01,0:06,0:00,0:12
3440,0:01,0:03,0:07,0:08
3441,0:03,0:00,0:00,0:10
3442,0:02,0:05,0:04,0:05
3443,0:02,0:05,0:20,0:19
3444,0:01,0:03,0:20,0:05
3445,0:01,0:03,0:14,0:05
3446,0:01,0:05,0:05,0:07
3447,0:02,0:04,0:08,0:07
3448,0:04,0:04,0:02,0:08
3449,0:01,0:13,0:07,0:25
3450,0:01,0:13,0:07,0:25
3451,0:01,0:04,1:25,0:05
3452,0:02,0:04,0:03,0:03
3453,0:01,0:05,0:07,0:09
3454,0:01,0:04,0:02,0:05
3455,0:01,0:04,0:00,0:16
3456,0:01,0:18,0:25,0:20
3457,0:01,0:04,0:00,0:10
3458,0:01,0:05,0:04,0:12
3459,0:01,0:04,0:02,0:05
3460,0:01,0:05,0:00,0:21
3461,0:01,0:04,0:03,0:18
3462,0:03,0:07,0:05,0:10
3463,0:03,0:07,0:00,0:10
3464,0:03,0:02,0:00,0:20
3465,0:02,0:06,0:04,0:12
3466,0:01,0:03,0:04,0:07
3467,0:00,0:07,0:16,0:05
3468,0:02,0:06,0:07,0:06
3469,0:01,0:05,0:49,0:15
3470,0:01,0:03,0:04,0:12
3471,0:01,0:01,0:06,0:05
3472,0:01,0:04,0:01,0:09
3473,0:03,0:07,0:00,0:10
3474,0:03,0:06,0:01,0:06
3475,0:00,0:06,0:00,0:05
3476,0:00,0:05,0:01,0:07
3477,0:01,0:09,0:40,0:06
3478,0:00,0:06,0:12,0:14
3479,0:01,0:05,0:59,0:05
3480,0:01,0:06,0:54,0:17
3481,0:01,0:02,0:07,0:08
3483,0:01,0:05,0:08,0:06
3484,0:03,0:02,0:01,0:13
3486,0:02,0:08,0:44,0:10
3487,0:02,0:06,0:03,0:14
3488,0:01,0:06,0:48,0:05
3489,0:02,0:05,0:00,0:04
3490,0:02,0:05,0:04,0:10
3491,0:02,0:04,0:06,0:11
3492,0:01,0:05,0:01,0:16
3493,0:03,0:08,0:24,0:10
3494,0:02,0:04,0:19,0:09
3495,0:04,0:00,0:13,0:04
3496,0:00,0:05,0:01,0:08
3497,0:02,0:05,0:15,0:05
3498,0:00,0:05,0:12,0:02
3499,0:00,0:03,0:01,0:10
3500,0:02,0:01,0:15,0:05
3501,0:03,0:04,0:10,0:10
3502,0:04,0:07,0:24,0:04
3503,0:02,0:11,0:13,0:04
3504,0:02,0:08,0:00,0:15
3505,0:01,0:03,0:07,0:05
3506,0:01,0:01,0:00,0:03
3507,0:01,0:06,0:16,0:45
3508,0:01,0:05,0:25,0:05
3509,0:03,0:01,0:04,0:05
3510,0:01,0:04,0:10,0:10
3512,0:01,0:02,0:02,0:23
3513,0:02,0:04,0:00,0:14
3514,0:01,0:06,0:25,0:05
3515,0:01,0:05,0:11,0:05
3516,0:01,0:02,0:05,0:04
3517,0:01,0:05,0:00,0:14
3518,0:01,0:11,0:06,0:10
3519,0:01,0:12,0:10,0:50
3520,0:02,0:09,0:17,0:04
3521,0:01,0:05,0:02,0:16
3522,0:00,0:06,0:11,0:38
3523,0:01,0:06,0:13,0:04
3524,0:02,0:09,0:11,0:20
3525,0:01,0:06,0:11,0:04
3526,0:03,0:05,0:13,0:14
3527,0:01,0:07,0:00,1:13
3528,0:02,0:04,0:00,0:03
3529,0:02,0:04,0:02,0:01
3530,0:02,0:04,0:02,0:01
3531,0:01,0:05,0:01,0:05
3532,0:00,0:04,0:02,0:06
3533,0:01,0:05,0:01,0:05
3534,0:01,0:04,0:02,0:05
3535,0:04,0:06,0:07,0:06
3536,0:02,0:08,0:22,0:15
3537,0:01,0:01,0:57,0:05
3538,0:01,0:00,0:56,0:05
3539,0:02,0:08,0:01,0:08
3540,0:02,0:04,0:01,0:12
3541,0:02,0:03,0:03,0:03
3542,0:24,0:06,0:00,0:05
3543,0:01,0:05,0:35,0:10
3544,0:01,0:04,0:17,0:10
3545,0:01,0:05,0:00,0:00
3546,0:02,0:06,0:05,0:09
3547,0:00,0:03,0:01,0:03